0 9.77663305167 12.9725972927
0.00153398078789 9.99065627158 12.6504029603
0.00306796157577 10.1985755801 12.3230429655
0.00460194236366 10.4001116097 11.9906969745
0.00613592315154 10.5949894453 11.6535462195
0.00766990393943 10.7829389996 11.3117733735
0.00920388472731 10.9636953825 10.9655624253
0.0107378655152 11.1369992682 10.6150985555
0.0122718463031 11.3025972567 10.2605680123
0.013805827091 11.4602422299 9.90215798856
0.0153398078789 11.6096937029 9.54005649948
0.0168737886667 11.7507181684 9.17445226099
0.0184077694546 11.8830894345 8.8055345692
0.0199417502425 12.0065889562 8.43349318086
0.0214757310304 12.1210061584 8.05851819492
0.0230097118183 12.2261387513 7.68079993539
0.0245436926062 12.3217930377 7.30052883542
0.0260776733941 12.4077842109 6.91789532278
0.0276116541819 12.4839366435 6.53308970689
0.0291456349698 12.5500841665 6.14630206726
0.0306796157577 12.6060703388 5.75772214368
0.0322135965456 12.6517487052 5.36753922804
0.0337475773335 12.6869830442 4.97594205793
0.0352815581214 12.7116476047 4.58311871208
0.0368155389093 12.7256273307 4.18925650769
0.0383495196971 12.7288180743 3.79454189976
0.039883500485 12.7211267963 3.39916038243
0.0414174812729 12.7024717547 3.00329639234
0.0429514620608 12.6727826796 2.60713321424
0.0444854428487 12.6320009356 2.21085288872
0.0460194236366 12.5800796706 1.81463612217
0.0475534044245 12.5169839512 1.41866219906
0.0490873852123 12.4426908833 1.02310889652
0.0506213660002 12.3571897202 0.628152401312
0.0521553467881 12.260481955 0.23396722918
0.053689327576 12.1525813993 -0.159273853352
0.0552233083639 12.0335142469 -0.551399904712
0.0567572891518 11.9033191232 -0.94224188151
0.0582912699397 11.7620471194 -1.33163270926
0.0598252507275 11.6097618116 -1.71940735053
0.0613592315154 11.446539265 -2.10540287058
0.0628932123033 11.2724680232 -2.48945850034
0.0644271930912 11.0876490819 -2.87141569691
0.0659611738791 10.8921958473 -3.25111820129
0.067495154667 10.68623408 -3.6284120937
0.0690291354549 10.4699018228 -4.00314584608
0.0705631162427 10.2433493138 -4.37517037215
0.0720970970306 10.0067388843 -4.74433907471
0.0736310778185 9.76024484147 -5.11050789044
0.0751650586064 9.5040533361 -5.47353533196
0.0766990393943 9.23836221547 -5.83328252746
0.0782330201822 8.96338086148 -6.18961325757
0.0797670009701 8.67933001404 -6.54239398978
0.0813009817579 8.3864415801 -6.89149391022
0.0828349625458 8.08495842837 -7.23678495299
0.0843689433337 7.77513416989 -7.57814182684
0.0859029241216 7.4572329248 -7.91544203952
0.0874369049095 7.13152907545 -8.2485659195
0.0889708856974 6.7983070061 -8.5773966354
0.0905048664853 6.45786082958 -8.90182021287
0.0920388472731 6.11049410101 -9.22172554921
0.093572828061 5.7565195191 -9.5370044256
0.0951068088489 5.3962586152 -9.84755151701
0.0966407896368 5.03004143049 -10.1532643998
0.0981747704247 4.65820618166 -10.4540435574
0.0997087512126 4.28109891546 -10.7497923832
0.101242732 3.89907315246 -11.040417182
0.102776712788 3.51248952046 -11.3258271687
0.104310693576 3.12171537797 -11.6059344656
0.105844674364 2.72712442811 -11.8806540973
0.107378655152 2.32909632347 -12.1499039837
0.10891263594 1.92801626231 -12.4136049308
0.110446616728 1.52427457655 -12.6716806208
0.111980597516 1.11826631212 -12.9240575989
0.113514578304 0.710390802036 -13.1706652592
0.115048559091 0.301051232751 -13.4114358293
0.116582539879 -0.10934579568 -13.646304352
0.118116520667 -0.520390715182 -13.8752086671
0.119650501455 -0.931671440419 -14.09808939
0.121184482243 -1.34277382422 -14.3148898906
0.122718463031 -1.75328211712 -14.5255562688
0.124252443819 -2.16277943049 -14.730037331
0.125786424607 -2.57084820273 -14.9282845633
0.127320405395 -2.97707066788 -15.1202521045
0.128854386182 -3.38102932624 -15.3058967183
0.13038836697 -3.78230741631 -15.4851777634
0.131922347758 -4.1804893875 -15.6580571634
0.133456328546 -4.57516137319 -15.8244993755
0.134990309334 -4.96591166332 -15.9844713584
0.136524290122 -5.3523311762 -16.1379425392
0.13805827091 -5.73401392878 -16.2848847799
0.139592251698 -6.11055750495 -16.4252723425
0.141126232485 -6.48156352115 -16.5590818548
0.142660213273 -6.84663808893 -16.6862922741
0.144194194061 -7.20539227373 -16.8068848513
0.145728174849 -7.55744254933 -16.9208430946
0.147262155637 -7.90241124757 -17.0281527325
0.148796136425 -8.23992700264 -17.1288016766
0.150330117213 -8.56962518938 -17.222779984
0.151864098001 -8.89114835524 -17.31007982
0.153398078789 -9.20414664516 -17.3906954201
0.154932059576 -9.50827821894 -17.4646230523
0.156466040364 -9.80320966063 -17.5318609791
0.158000021152 -10.0886163794 -17.5924094199
0.15953400194 -10.3641830011 -17.6462705132
0.161067982728 -10.6296037509 -17.6934482791
0.162601963516 -10.8845828255 -17.7339485819
0.164135944304 -11.1288347545 -17.7677790929
0.165669925092 -11.362084752 -17.7949492542
0.16720390588 -11.5840690559 -17.8154702416
0.168737886667 -11.7945352555 -17.8293549291
0.170271867455 -11.9932426076 -17.8366178532
0.171805848243 -12.1799623389 -17.8372751779
0.173339829031 -12.3544779371 -17.8313446604
0.174873809819 -12.5165854264 -17.8188456168
0.176407790607 -12.6660936317 -17.7997988897
0.177941771395 -12.8028244271 -17.7742268148
0.179475752183 -12.9266129704 -17.7421531896
0.181009732971 -13.0373079239 -17.7036032423
0.182543713758 -13.1347716587 -17.6586036012
0.184077694546 -13.2188804454 -17.6071822659
0.185611675334 -13.289524628 -17.5493685781
0.187145656122 -13.346608783 -17.4851931943
0.18867963691 -13.3900518623 -17.4146880589
0.190213617698 -13.4197873199 -17.3378863787
0.191747598486 -13.4357632225 -17.2548225976
0.193281579274 -13.4379423438 -17.1655323731
0.194815560061 -13.4263022417 -17.0700525536
0.196349540849 -13.4008353197 -16.9684211565
0.197883521637 -13.3615488706 -16.8606773474
0.199417502425 -13.3084651038 -16.7468614208
0.200951483213 -13.241621156 -16.6270147816
0.202485464001 -13.1610690843 -16.5011799272
0.204019444789 -13.0668758429 -16.3694004322
0.205553425577 -12.9591232421 -16.2317209322
0.207087406365 -12.8379078917 -16.0881871108
0.208621387152 -12.7033411259 -15.9388456859
0.21015536794 -12.5555489125 -15.7837443987
0.211689348728 -12.3946717449 -15.6229320029
0.213223329516 -12.2208645179 -15.4564582551
0.214757310304 -12.0342963859 -15.284373907
0.216291291092 -11.8351506064 -15.1067306982
0.21782527188 -11.6236243657 -14.9235813499
0.219359252668 -11.3999285894 -14.7349795607
0.220893233456 -11.1642877372 -14.5409800023
0.222427214243 -10.9169395815 -14.3416383178
0.223961195031 -10.6581349712 -14.1370111191
0.225495175819 -10.3881375797 -13.9271559877
0.227029156607 -10.1072236392 -13.7121314747
0.228563137395 -9.81568165937 -13.4919971025
0.230097118183 -9.51381213215 -13.2668133683
0.231631098971 -9.20192722291 -13.0366417472
0.233165079759 -8.88035044778 -12.8015446972
0.234699060547 -8.54941633781 -12.5615856653
0.236233041334 -8.20947009043 -12.3168290937
0.237767022122 -7.86086720836 -12.0673404278
0.23930100291 -7.50397312653 -11.8131861243
0.240834983698 -7.13916282747 -11.5544336611
0.242368964486 -6.76682044542 -11.2911515467
0.243902945274 -6.38733885975 -11.0234093319
0.245436926062 -6.00111927818 -10.7512776209
0.24697090685 -5.60857081012 -10.4748280838
0.248504887637 -5.21011003077 -10.1941334698
0.250038868425 -4.80616053631 -9.90926762051
0.251572849213 -4.39715249092 -9.62030548457
0.253106830001 -3.98352216584 -9.32732313211
0.254640810789 -3.56571147131 -9.03039777011
0.256174791577 -3.14416748162 -8.7296077581
0.257708772365 -2.71934195409 -8.42503262418
0.259242753153 -2.29169084228 -8.11675308153
0.260776733941 -1.8616738042 -7.80485104508
0.262310714728 -1.42975370584 -7.4894096485
0.263844695516 -0.996396120872 -7.17051326138
0.265378676304 -0.562068826823 -6.84824750653
0.266912657092 -0.127241298447 -6.52269927736
0.26844663788 0.307615801163 -6.19395675531
0.269980618668 0.742031131162 -5.86210942728
0.271514599456 1.17553318465 -5.52724810289
0.273048580244 1.60765080089 -5.1894649317
0.274582561032 2.03791367749 -4.8488534202
0.276116541819 2.46585288192 -4.5055084485
0.277650522607 2.89100136186 -4.15952628677
0.279184503395 3.31289445371 -3.81100461128
0.280718484183 3.73107038879 -3.46004251997
0.282252464971 4.14507079654 -3.10674054761
0.283786445759 4.55444120428 -2.75120068032
0.285320426547 4.95873153284 -2.39352636952
0.286854407335 5.35749658758 -2.03382254518
0.288388388123 5.75029654427 -1.67219562837
0.28992236891 6.13669742918 -1.30875354292
0.291456349698 6.51627159289 -0.943605726365
0.292990330486 6.88859817742 -0.5768631398
0.294524311274 7.25326357587 -0.208638276889
0.296058292062 7.60986188432 0.160954828251
0.29759227285 7.95799534538 0.531800594241
0.299126253638 8.29727478287 0.903781886796
0.300660234426 8.62732002717 1.27678001432
0.302194215213 8.94776033082 1.65067472475
0.303728196001 9.25823477378 2.02534420382
0.305262176789 9.55839265806 2.4006650746
0.306796157577 9.84789389116 2.77651239861
0.308330138365 10.1264093579 3.15275967839
0.309864119153 10.3936212804 3.52927886164
0.311398099941 10.6492235655 3.905940347
0.312932080729 10.8929221396 4.28261299148
0.314466061517 11.1244352703 4.65916411964
0.316000042304 11.3434938743 5.03545953455
0.317534023092 11.5498418123 5.41136353056
0.31906800388 11.7432361686 5.78673890793
0.320601984668 11.9234475173 6.16144698946
0.322135965456 12.0902601734 6.53534763899
0.323669946244 12.2434724284 6.90829928197
0.325203927032 12.382896772 7.28015892806
0.32673790782 12.5083600967 7.65078219586
0.328271888608 12.6197038879 8.02002333973
0.329805869395 12.7167843977 8.38773527876
0.331339850183 12.7994728027 8.75376962803
0.332873830971 12.8676553456 9.11797673202
0.334407811759 12.9212334602 9.48020570033
0.335941792547 12.9601238804 9.84030444565
0.337475773335 12.9842587323 10.1981197241
0.339009754123 12.9935856095 10.553497178
0.340543734911 12.988067632 10.9062813807
0.342077715698 12.9676834883 11.2563158841
0.343611696486 12.9324274602 11.6034432684
0.345145677274 12.8823094317 11.9475051946
0.346679658062 12.8173548799 12.2883424587
0.34821363885 12.7376048503 12.625795049
0.349747619638 12.6431159146 12.959702206
0.351281600426 12.5339601122 13.2899024836
0.352815581214 12.4102248749 13.6162338143
0.354349562002 12.2720129352 13.9385335753
0.355883542789 12.1194422187 14.2566386584
0.357417523577 11.9526457194 14.5703855416
0.358951504365 11.7717713597 14.8796103629
0.360485485153 11.5769818341 15.1841489972
0.362019465941 11.3684544378 15.4838371348
0.363553446729 11.1463808789 15.7785103634
0.365087427517 10.9109670765 16.0680042508
0.366621408305 10.6624329425 16.3521544315
0.368155389093 10.4010121499 16.6307966947
0.36968936988 10.1269518862 16.9037670747
0.371223350668 9.84051259195 17.1709019436
0.372757331456 9.54196768663 17.4320381061
0.374291312244 9.23160328017 17.6870128967
0.375825293032 8.90971787154 17.9356642783
0.37735927382 8.5766220345 18.1778309438
0.378893254608 8.23263809081 18.4133524188
0.380427235396 7.87809977138 18.6420691668
0.381961216184 7.51335186569 18.8638226958
0.383495196971 7.13874985986 19.0784556672
0.385029177759 6.75465956388 19.2858120063
0.386563158547 6.36145672831 19.4857370138
0.388097139335 5.95952665099 19.67807748
0.389631120123 5.54926377409 19.8626818001
0.391165100911 5.13107127204 20.0394000901
0.392699081699 4.70536063084 20.2080843054
0.394233062487 4.27255121904 20.3685883599
0.395767043274 3.83306985114 20.5207682464
0.397301024062 3.38735034357 20.6644821582
0.39883500485 2.93583306413 20.7995906116
0.400368985638 2.47896447497 20.9259565695
0.401902966426 2.01719667001 21.0434455654
0.403436947214 1.55098690699 21.1519258286
0.404970928002 1.08079713485 21.25126841
0.40650490879 0.60709351697 21.3413473076
0.408038889578 0.130345950603 21.4220395936
0.409572870365 -0.34897241674 21.4932255407
0.411106851153 -0.830385673589 21.5547887495
0.412640831941 -1.31341563291 21.6066162747
0.414174812729 -1.79758232206 21.648598753
0.415708793517 -2.28240447381 21.680630529
0.417242774305 -2.76740001789 21.702609782
0.418776755093 -3.25208657251 21.7144386517
0.420310735881 -3.73598193536 21.716023364
0.421844716669 -4.21860457357 21.7072743554
0.423378697456 -4.69947411208 21.6881063966
0.424912678244 -5.17811181995 21.6584387163
0.426446659032 -5.65404109399 21.618195122
0.42798063982 -6.12678793942 21.5673041215
0.429514620608 -6.59588144679 21.5056990418
0.431048601396 -7.06085426483 21.4333181468
0.432582582184 -7.52124306875 21.3501047535
0.434116562972 -7.97658902339 21.2560073469
0.43565054376 -8.42643824084 21.1509796919
0.437184524547 -8.87034223201 21.034980944
0.438718505335 -9.30785835175 20.9079757577
0.440252486123 -9.73855023695 20.7699343927
0.441786466911 -10.1619882373 20.620832817
0.443320447699 -10.5777498384 20.4606528082
0.444854428487 -10.985420076 20.2893820518
0.446388409275 -11.3845919425 20.1070142364
0.447922390063 -11.7748667838 19.9135491465
0.44945637085 -12.1558546864 19.7089927514
0.450990351638 -12.5271748556 19.4933572915
0.452524332426 -12.8884559827 19.2666613606
0.454058313214 -13.2393366019 19.0289299857
0.455592294002 -13.5794654364 18.7801947018
0.45712627479 -13.908501733 18.5204936239
0.458660255578 -14.2261155855 18.2498715148
0.460194236366 -14.5319882459 17.9683798487
0.461728217154 -14.8258124237 17.676076871
0.463262197941 -15.1072925728 17.3730276533
0.464796178729 -15.3761451653 17.0593041448
0.466330159517 -15.6320989532 16.7349852184
0.467864140305 -15.874895216 16.4001567123
0.469398121093 -16.1042879958 16.0549114676
0.470932101881 -16.3200443178 15.6993493602
0.472466082669 -16.5219443984 15.333577328
0.474000063457 -16.7097818382 14.9577093935
0.475534044245 -16.8833638012 14.5718666805
0.477068025032 -17.0425111803 14.1761774264
0.47860200582 -17.1870587482 13.7707769885
0.480135986608 -17.3168552929 13.3558078452
0.481669967396 -17.4317637407 12.9314195918
0.483203948184 -17.5316612623 12.4977689305
0.484737928972 -17.6164393661 12.0550196549
0.48627190976 -17.6860039753 11.6033426289
0.487805890548 -17.7402754917 11.1429157598
0.489339871336 -17.7791888433 10.6739239651
0.490873852123 -17.802693518 10.1965591345
0.492407832911 -17.8107535829 9.7110200846
0.493941813699 -17.8033476876 9.21751250891
0.495475794487 -17.780469054 8.716248921
0.497009775275 -17.7421254514 8.20744859204
0.498543756063 -17.6883391563 7.69133748208
0.500077736851 -17.6191468988 7.16814816537
0.501611717639 -17.5345997939 6.63811974947
0.503145698426 -17.4347632592 6.10149778838
0.504679679214 -17.3197169182 5.55853418937
0.506213660002 -17.1895544897 5.0094871139
0.50774764079 -17.0443836639 4.45462087227
0.509281621578 -16.8843259646 3.89420581229
0.510815602366 -16.7095165981 3.32851820179
0.512349583154 -16.5201042889 2.7578401051
0.513883563942 -16.3162511029 2.18245925358
0.51541754473 -16.0981322574 1.60266891007
0.516951525517 -15.8659359192 1.01876772746
0.518485506305 -15.6198629898 0.431059601376
0.520019487093 -15.3601268796 -0.16014648302
0.521553467881 -15.0869532695 -0.754536609927
0.523087448669 -14.8005798622 -1.35179209755
0.524621429457 -14.5012561215 -1.95158966834
0.526155410245 -14.1892430017 -2.55360162484
0.527689391033 -13.8648126659 -3.15749603088
0.529223371821 -13.5282481947 -3.76293689824
0.530757352608 -13.1798432851 -4.36958437853
0.532291333396 -12.8199019398 -4.97709496023
0.533825314184 -12.4487381477 -5.58512167076
0.535359294972 -12.0666755555 -6.19331428351
0.53689327576 -11.6740471313 -6.80131952966
0.538427256548 -11.2711948204 -7.40878131469
0.539961237336 -10.8584691928 -8.01534093936
0.541495218124 -10.4362290843 -8.6206373252
0.543029198912 -10.0048412309 -9.22430724412
0.544563179699 -9.56467989624 -9.82598555226
0.546097160487 -9.11612649348 -10.4253054276
0.547631141275 -8.65956920182 -11.0218986117
0.549165122063 -8.19540257758 -11.6153956542
0.550699102851 -7.72402716069 -12.2054261622
0.552233083639 -7.24584907694 -12.7916190513
0.553767064427 -6.7612796363 -13.3736028009
0.555301045215 -6.27073492785 -13.9510057115
0.556835026002 -5.77463541167 -14.5234561658
0.55836900679 -5.27340550811 -15.0905828907
0.559902987578 -4.76747318496 -15.6520152232
0.561436968366 -4.25726954281 -16.2073833776
0.562970949154 -3.74322839914 -16.7563187143
0.564504929942 -3.22578587147 -17.2984540107
0.56603891073 -2.70537996007 -17.8334237339
0.567572891518 -2.18245013063 -18.3608643135
0.569106872306 -1.65743689724 -18.8804144165
0.570640853093 -1.13078140623 -19.3917152223
0.572174833881 -0.60292502113 -19.8944106989
0.573708814669 -0.074308909284 -20.3881478783
0.575242795457 0.454626369541 -20.8725771333
0.576776776245 0.983441272142 -21.3473524531
0.578310757033 1.51169767805 -21.812131719
0.579844737821 2.03895929252 -22.2665769795
0.581378718609 2.5647920459 -22.7103547241
0.582912699397 3.08876448909 -23.1431361566
0.584446680184 3.6104481846 -23.564597466
0.585980660972 4.12941809296 -23.9744200975
0.58751464176 4.64525295404 -24.3722910195
0.589048622548 5.15753566293 -24.7579029903
0.590582603336 5.6658536401 -25.1309548216
0.592116584124 6.16979919541 -25.4911516392
0.593650564912 6.66896988572 -25.8382051417
0.5951845457 7.16296886574 -26.1718338552
0.596718526488 7.65140523179 -26.4917633851
0.598252507275 8.13389435823 -26.7977266648
0.599786488063 8.61005822617 -27.0894641992
0.601320468851 9.07952574427 -27.366724306
0.602854449639 9.54193306132 -27.6292633508
0.604388430427 9.99692387029 -27.8768459795
0.605922411215 10.4441497036 -28.1092453442
0.607456392003 10.8832702197 -28.3262433257
0.608990372791 11.3139534797 -28.5276307496
0.610524353578 11.7358762154 -28.7132075974
0.612058334366 12.1487240872 -28.8827832122
0.613592315154 12.5521919322 -29.036176498
0.615126295942 12.9459840022 -29.1732161134
0.61666027673 13.3298141916 -29.2937406585
0.618194257518 13.7034062547 -29.3975988559
0.619728238306 14.0664940127 -29.4846497241
0.621262219094 14.4188215497 -29.5547627453
0.622796199882 14.7601433982 -29.6078180248
0.624330180669 15.0902247131 -29.6437064438
0.625864161457 15.4088414354 -29.6623298047
0.627398142245 15.715780444 -29.6636009688
0.628932123033 16.0108396964 -29.6474439859
0.630466103821 16.2938283586 -29.6137942162
0.632000084609 16.5645669229 -29.5625984442
0.633534065397 16.8228873145 -29.493814984
0.635068046185 17.068632987 -29.4074137761
0.636602026973 17.3016590056 -29.3033764766
0.63813600776 17.5218321194 -29.1816965365
0.639669988548 17.7290308221 -29.0423792728
0.641203969336 17.9231454008 -28.8854419308
0.642737950124 18.1040779735 -28.7109137372
0.644271930912 18.2717425156 -28.5188359443
0.6458059117 18.4260648736 -28.3092618642
0.647339892488 18.5669827692 -28.0822568952
0.648873873276 18.6944457906 -27.8378985371
0.650407854064 18.8084153734 -27.5762763988
0.651941834851 18.9088647698 -27.2974921946
0.653475815639 18.9957790072 -27.0016597329
0.655009796427 19.0691548355 -26.6889048937
0.656543777215 19.1290006634 -26.359365597
0.658077758003 19.1753364849 -26.0131917624
0.659611738791 19.2081937935 -25.6505452574
0.661145719579 19.227615488 -25.2715998377
0.662679700367 19.2336557662 -24.8765410766
0.664213681154 19.2263800098 -24.4655662856
0.665747661942 19.2058646584 -24.0388844247
0.66728164273 19.1721970744 -23.5967160034
0.668815623518 19.1254753977 -23.1392929723
0.670349604306 19.065808392 -22.6668586048
0.671883585094 18.9933152803 -22.1796673697
0.673417565882 18.9081255735 -21.6779847939
0.67495154667 18.8103788884 -21.1620873164
0.676485527458 18.700224758 -20.6322621324
0.678019508245 18.5778224339 -20.0888070286
0.679553489033 18.4433406801 -19.5320302095
0.681087469821 18.2969575587 -18.9622501143
0.682621450609 18.1388602092 -18.3797952254
0.684155431397 17.9692446195 -17.7850038681
0.685689412185 17.7883153901 -17.1782240012
0.687223392973 17.5962854922 -16.5598130001
0.688757373761 17.3933760184 -15.9301374305
0.690291354549 17.1798159279 -15.2895728147
0.691825335336 16.9558417855 -14.6385033897
0.693359316124 16.7216974955 -13.9773218573
0.694893296912 16.4776340291 -13.306429127
0.6964272777 16.2239091485 -12.6262340508
0.697961258488 15.9607871247 -11.9371531516
0.699495239276 15.6885384518 -11.2396103433
0.701029220064 15.4074395571 -10.5340366457
0.702563200852 15.1177725072 -9.82086989124
0.70409718164 14.8198247103 -9.10055442604
0.705631162427 14.5138886164 -8.37354080493
0.707165143215 14.2002614135 -7.64028548008
0.708699124003 13.8792447215 -6.90125048421
0.710233104791 13.5511442845 -6.15690310821
0.711767085579 13.2162696605 -5.40771557366
0.713301066367 12.8749339096 -4.65416470028
0.714835047155 12.5274532813 -3.89673156882
0.716369027943 12.1741468998 -3.13590117944
0.71790300873 11.8153364504 -2.37216210599
0.719436989518 11.4513458632 -1.60600614642
0.720970970306 11.0825009991 -0.837927969603
0.722504951094 10.7091293342 -0.0684247588355
0.724038931882 10.3315596456 0.70200414763
0.72557291267 9.95012169812 1.4728576188
0.727106893458 9.56514593176 2.24363309558
0.728640874246 9.17696315082 3.01382695749
0.730174855034 8.78590421476 3.7829348913
0.731708835821 8.39229973102 4.55045226105
0.733242816609 7.99647975019 5.31587447943
0.734776797397 7.59877346372 6.07869737992
0.736310778185 7.19950890457 6.83841758966
0.737844758973 6.79901265093 7.5945329025
0.739378739761 6.39760953335 8.3465426521
0.740912720549 5.99562234559 9.09394808464
0.742446701337 5.59337155934 9.83625273093
0.743980682125 5.19117504317 10.5729627775
0.745514662912 4.78934778584 11.3035874367
0.7470486437 4.38820162433 12.0276393143
0.748582624488 3.98804497676 12.7446347769
0.750116605276 3.58918258039 13.4540943151
0.751650586064 3.19191523508 14.155542906
0.753184566852 2.79653955219 14.8485103715
0.75471854764 2.40334770931 15.5325317343
0.756252528428 2.01262721104 16.2071475701
0.757786509216 1.62466065581 16.8719043565
0.759320490003 1.23972550912 17.5263548173
0.760854470791 0.858093883408 18.1700582627
0.762388451579 0.480032324455 18.8025809255
0.763922432367 0.105801604833 19.4234962914
0.765456413155 -0.264343475692 20.032385425
0.766990393943 -0.630154282552 20.6288372899
0.768524374731 -0.991388531428 21.212449063
0.770058355519 -1.34781046584 21.7828264435
0.771592336306 -1.69919102715 22.3395839546
0.773126317094 -2.04530801686 22.88234524
0.774660297882 -2.38594625104 23.4107433522
0.77619427867 -2.72089770692 23.924421035
0.777728259458 -3.04996166138 24.4230309981
0.779262240246 -3.37294482142 24.9062361846
0.780796221034 -3.68966144633 25.3737100304
0.782330201822 -3.99993346179 25.8251367161
0.78386418261 -4.30359056546 26.2602114103
0.785398163397 -4.60047032438 26.6786405052
0.786932144185 -4.89041826388 27.0801418429
0.788466124973 -5.17328794805 27.4644449336
0.790000105761 -5.44894105179 27.8312911644
0.791534086549 -5.71724742433 28.1804339995
0.793068067337 -5.97808514429 28.5116391705
0.794602048125 -6.23134056623 28.8246848578
0.796136028913 -6.47690835872 29.1193618624
0.797670009701 -6.7146915339 29.3954737676
0.799203990488 -6.94460146865 29.6528370908
0.800737971276 -7.16655791731 29.8912814262
0.802271952064 -7.38048901597 30.1106495762
0.803805932852 -7.58633127853 30.3107976734
0.80533991364 -7.78402958439 30.4915952918
0.806873894428 -7.97353715794 30.6529255479
0.808407875216 -8.15481553997 30.7946851912
0.809941856004 -8.32783455087 30.9167846843
0.811475836792 -8.49257224603 31.0191482717
0.813009817579 -8.64901486317 31.1017140388
0.814543798367 -8.79715676197 31.1644339597
0.816077779155 -8.93700035602 31.2072739343
0.817611759943 -9.06855603715 31.2302138143
0.819145740731 -9.19184209235 31.2332474191
0.820679721519 -9.30688461331 31.2163825402
0.822213702307 -9.41371739881 31.1796409349
0.823747683095 -9.51238185003 31.1230583096
0.825281663882 -9.60292685901 31.0466842917
0.82681564467 -9.68540869024 30.9505823914
0.828349625458 -9.75989085574 30.8348299518
0.829883606246 -9.82644398368 30.6995180897
0.831417587034 -9.88514568074 30.5447516242
0.832951567822 -9.93608038832 30.3706489961
0.83448554861 -9.97933923292 30.177342176
0.836019529398 -10.0150198707 29.9649765622
0.837553510186 -10.0432263266 29.7337108685
0.839087490973 -10.0640688279 29.4837170013
0.840621471761 -10.0776636329 29.2151799273
0.842155452549 -10.0841328546 28.9282975305
0.843689433337 -10.0836042792 28.6232804597
0.845223414125 -10.0762111809 28.3003519666
0.846757394913 -10.0620921312 27.9597477333
0.848291375701 -10.0413908055 27.6017156917
0.849825356489 -10.0142557844 27.2265158325
0.851359337277 -9.98084035257 26.8344200058
0.852893318064 -9.94130229309 26.4257117122
0.854427298852 -9.89580367929 26.000685886
0.85596127964 -9.84451066333 25.5596486688
0.857495260428 -9.787593262 25.1029171753
0.859029241216 -9.72522514005 24.6308192511
0.860563222004 -9.65758339112 24.1436932221
0.862097202792 -9.58484831671 23.6418876366
0.86363118358 -9.50720320325 23.125760999
0.865165164368 -9.42483409754 22.5956814977
0.866699145155 -9.3379295809 22.0520267244
0.868233125943 -9.24668054213 21.4951833874
0.869767106731 -9.15127994959 20.9255470182
0.871301087519 -9.05192262267 20.3435216719
0.872835068307 -8.94880500275 19.7495196207
0.874369049095 -8.84212492403 19.1439610427
0.875903029883 -8.73208138444 18.5272737046
0.877437010671 -8.61887431674 17.8998926387
0.878970991458 -8.50270436021 17.2622598157
0.880504972246 -8.38377263306 16.614823812
0.882038953034 -8.26228050578 15.9580394728
0.883572933822 -8.13842937576 15.2923675713
0.88510691461 -8.01242044324 14.6182744632
0.886640895398 -7.88445448901 13.9362317383
0.888174876186 -7.75473165388 13.2467158686
0.889708856974 -7.62345122027 12.5502078526
0.891242837762 -7.49081139613 11.8471928581
0.892776818549 -7.3570091013 11.1381598611
0.894310799337 -7.22223975665 10.4236012837
0.895844780125 -7.08669707607 9.7040126295
0.897378760913 -6.95057286164 8.9798921171
0.898912741701 -6.81405680206 8.25174031303
0.900446722489 -6.67733627466 7.52005976311
0.901980703277 -6.54059615099 6.78535462321
0.903514684065 -6.40401860641 6.04813028959
0.905048664853 -6.26778293365 5.30889302906
0.90658264564 -6.13206536062 4.56814960935
0.908116626428 -5.99703887268 3.82640692977
0.909650607216 -5.86287303936 3.08417165278
0.911184588004 -5.72973384589 2.34194983636
0.912718568792 -5.59778352961 1.60024656787
0.91425254958 -5.46718042131 0.859565599333
0.915786530368 -5.33807879186 0.120408984653
0.917320511156 -5.21062870405 -0.616723281045
0.918854491943 -5.08497586992 -1.35133361968
0.920388472731 -4.9612615136 -2.08292722578
0.921922453519 -4.8396222399 -2.81101241913
0.923456434307 -4.72018990859 -3.53510099414
0.924990415095 -4.6030915147 -4.25470856581
0.926524395883 -4.48844907469 -4.9693549119
0.928058376671 -4.37637951883 -5.67856431118
0.929592357459 -4.26699458965 -6.38186587732
0.931126338247 -4.16040074676 -7.07879388847
0.932660319034 -4.0566990779 -7.76888811195
0.934194299822 -3.95598521648 -8.45169412409
0.93572828061 -3.8583492655 -9.12676362483
0.937262261398 -3.76387572807 -9.79365474697
0.938796242186 -3.67264344441 -10.4519323597
0.940330222974 -3.58472553554 -11.1011683663
0.941864203762 -3.50018935353 -11.7409419959
0.94339818455 -3.41909643846 -12.370840089
0.944932165338 -3.34150248203 -12.990457376
0.946466146125 -3.26745729793 -13.5993967501
0.948000126913 -3.19700479884 -14.1972695325
0.949534107701 -3.13018298014 -14.7836957307
0.951068088489 -3.0670239104 -15.3583042904
0.952602069277 -3.00755372841 -15.9207333388
0.954136050065 -2.95179264701 -16.4706304219
0.955670030853 -2.89975496344 -17.0076527323
0.957204011641 -2.85144907632 -17.5314673314
0.958737992429 -2.80687750924 -18.0417513614
0.960271973216 -2.76603694076 -18.5381922514
0.961805954004 -2.72891824093 -19.0204879135
0.963339934792 -2.69550651417 -19.4883469316
0.96487391558 -2.66578114848 -19.9414887419
0.966407896368 -2.6397158709 -20.3796438041
0.967941877156 -2.61727880913 -20.8025537646
0.969475857944 -2.59843255923 -21.209971611
0.971009838732 -2.58313425933 -21.6016618175
0.972543819519 -2.57133566921 -21.9774004818
0.974077800307 -2.56298325567 -22.3369754528
0.975611781095 -2.55801828358 -22.6801864494
0.977145761883 -2.5563769125 -23.0068451706
0.978679742671 -2.55799029874 -23.3167753959
0.980213723459 -2.56278470268 -23.6098130773
0.981747704247 -2.5706816014 -23.8858064216
0.983281685035 -2.58159780619 -24.144615964
0.984815665823 -2.59544558514 -24.3861146318
0.98634964661 -2.61213279032 -24.6101878003
0.987883627398 -2.63156298972 -24.8167333378
0.989417608186 -2.65363560353 -25.0056616427
0.990951588974 -2.67824604477 -25.176895671
0.992485569762 -2.70528586407 -25.3303709544
0.99401955055 -2.73464289832 -25.4660356101
0.995553531338 -2.76620142325 -25.5838503403
0.997087512126 -2.79984230949 -25.6837884239
0.998621492914 -2.83544318219 -25.7658356984
1.0001554737 -2.8728785838 -25.8299905331
1.00168945449 -2.91202013997 -25.8762637935
1.00322343528 -2.95273672838 -25.9046787968
1.00475741607 -2.99489465016 -25.9152712585
1.00629139685 -3.03835780394 -25.9080892306
1.00782537764 -3.08298786208 -25.8831930313
1.00935935843 -3.12864444917 -25.8406551656
1.01089333922 -3.17518532231 -25.7805602385
1.01242732 -3.22246655315 -25.7030048585
1.01396130079 -3.27034271153 -25.6080975347
1.01549528158 -3.3186670503 -25.4959585639
1.01702926237 -3.36729169136 -25.3667199114
1.01856324316 -3.41606781254 -25.2205250828
1.02009722394 -3.46484583525 -25.0575289888
1.02163120473 -3.51347561254 -24.8778978019
1.02316518552 -3.56180661759 -24.6818088063
1.02469916631 -3.60968813213 -24.4694502394
1.0262331471 -3.6569694349 -24.2410211275
1.02776712788 -3.70349998966 -23.9967311135
1.02930110867 -3.74912963281 -23.736800278
1.03083508946 -3.79370876016 -23.461458954
1.03236907025 -3.8370885129 -23.1709475344
1.03390305103 -3.87912096236 -22.8655162741
1.03543703182 -3.9196592935 -22.5454250847
1.03697101261 -3.95855798685 -22.2109433243
1.0385049934 -3.99567299882 -21.8623495805
1.04003897419 -4.03086193997 -21.4999314486
1.04157295497 -4.06398425134 -21.1239853033
1.04310693576 -4.09490137845 -20.7348160659
1.04464091655 -4.12347694276 -20.3327369662
1.04617489734 -4.14957691066 -19.9180692989
1.04770887813 -4.17306975948 -19.491142176
1.04924285891 -4.19382664059 -19.0522922742
1.0507768397 -4.21172153934 -18.6018635779
1.05231082049 -4.22663143165 -18.1402071182
1.05384480128 -4.23843643711 -17.6676807077
1.05537878207 -4.24701996842 -17.1846486722
1.05691276285 -4.25226887708 -16.6914815774
1.05844674364 -4.25407359503 -16.1885559537
1.05998072443 -4.25232827226 -15.6762540173
1.06151470522 -4.24693091018 -15.1549633878
1.063048686 -4.23778349054 -14.6250768035
1.06458266679 -4.22479209993 -14.0869918345
1.06611664758 -4.20786704955 -13.5411105927
1.06765062837 -4.18692299031 -12.9878394398
1.06918460916 -4.161879023 -12.4275886939
1.07071858994 -4.13265880348 -11.8607723337
1.07225257073 -4.09919064279 -11.2878077015
1.07378655152 -4.06140760206 -10.7091152046
1.07532053231 -4.0192475822 -10.125118016
1.0768545131 -3.97265340808 -9.53624177343
1.07838849388 -3.92157290743 -8.94291427872
1.07992247467 -3.86595898405 -8.34556519554
1.08145645546 -3.80576968557 -7.7446257475
1.08299043625 -3.74096826543 -7.1405284159
1.08452441704 -3.67152323921 -6.5337066376
1.08605839782 -3.59740843518 -5.9245945031
1.08759237861 -3.51860303902 -5.3136264552
1.0891263594 -3.4350916327 -4.7012369882
1.09066034019 -3.34686422748 -4.08786034807
1.09219432097 -3.25391629098 -3.47393023358
1.09372830176 -3.15624876836 -2.85987949877
1.09526228255 -3.05386809752 -2.24613985675
1.09679626334 -2.94678621835 -1.6331415852
1.09833024413 -2.8350205761 -1.02131323366
1.09986422491 -2.71859411871 -0.411081332762
1.1013982057 -2.59753528828 0.197129894311
1.10293218649 -2.4718780066 0.802898818035
1.10446616728 -2.34166165482 1.40580668624
1.10600014807 -2.20693104723 2.00543790511
1.10753412885 -2.06773639927 2.60138031726
1.10906810964 -1.92413328973 3.19322547684
1.11060209043 -1.77618261727 3.78056892141
1.11213607122 -1.62395055122 4.36301044039
1.113670052 -1.4675084768 4.94015434005
1.11520403279 -1.30693293486 5.51160970477
1.11673801358 -1.1423055561 6.07699065448
1.11827199437 -0.973712989863 6.63591659802
1.11980597516 -0.801246827772 7.18801248247
1.12133995594 -0.625003522023 7.73290903807
1.12287393673 -0.44508429864 8.2702430188
1.12440791752 -0.261595065704 8.79965743828
1.12594189831 -0.0746463166765 9.320801801
1.1274758791 0.115646971069 9.83333232874
1.12900985988 0.309165442385 10.3369121819
1.13054384067 0.505785475053 10.8312116758
1.13207782146 0.705379294904 11.3159084918
1.13361180225 0.907815095251 11.7906878827
1.13514578304 1.11295716048 12.2552428734
1.13667976382 1.32066599367 12.7092744551
1.13821374461 1.5307984481 13.1524917744
1.1397477254 1.74320786249 13.5846123165
1.14128170619 1.95774419985 14.0053620822
1.14281568697 2.17425418973 14.4144757591
1.14434966776 2.39258147381 14.8116968869
1.14588364855 2.61256675455 15.196778016
1.14741762934 2.83404794683 15.5694808605
1.14895161013 3.05686033239 15.9295764437
1.15048559091 3.2808367169 16.2768452388
1.1520195717 3.50580758945 16.6110773014
1.15355355249 3.73160128438 16.9320723962
1.15508753328 3.9580441452 17.2396401174
1.15662151407 4.18496069043 17.5336000016
1.15815549485 4.41217378124 17.8137816339
1.15968947564 4.63950479063 18.0800247481
1.16122345643 4.86677377406 18.3321793186
1.16275743722 5.09379964124 18.5701056467
1.16429141801 5.32040032907 18.7936744387
1.16582539879 5.54639297528 19.0027668777
1.16735937958 5.77159409295 19.197274688
1.16889336037 5.99581974532 19.3771001925
1.17042734116 6.21888572109 19.5421563626
1.17196132194 6.44060770976 19.6923668617
1.17349530273 6.66080147697 19.8276660802
1.17502928352 6.87928303953 19.9479991648
1.17656326431 7.09586884021 20.0533220391
1.1780972451 7.31037592176 20.143601418
1.17963122588 7.52262210031 20.2188148142
1.18116520667 7.73242613776 20.2789505379
1.18269918746 7.93960791311 20.3240076888
1.18423316825 8.14398859247 20.3539961409
1.18576714904 8.34539079765 20.3689365207
1.18730112982 8.54363877312 20.3688601768
1.18883511061 8.7385585512 20.353809144
1.1903690914 8.92997811531 20.3238360985
1.19190307219 9.11772756109 20.2790043074
1.19343705298 9.30163925528 20.2193875698
1.19497103376 9.48154799221 20.1450701518
1.19650501455 9.65729114771 20.0561467138
1.19803899534 9.82870883028 19.9527222307
1.19957297613 9.99564402943 19.8349119059
1.20110695691 10.1579427611 19.7028410776
1.2026409377 10.3154542098 19.5566451182
1.20417491849 10.4680308676 19.3964693276
1.20570889928 10.6155286697 19.2224688189
1.20724288007 10.7578071268 19.034808398
1.20877686085 10.8947294529 18.8336624362
1.21031084164 11.0261626906 18.6192147366
1.21184482243 11.1519778316 18.3916583938
1.21337880322 11.2720499338 18.1511956472
1.21491278401 11.386258234 17.8980377284
1.21644676479 11.4944862566 17.6324047015
1.21798074558 11.5966219182 17.3545252984
1.21951472637 11.6925576273 17.0646367475
1.22104870716 11.7821903803 16.7629845962
1.22258268794 11.8654218529 16.4498225286
1.22411666873 11.942158486 16.1254121763
1.22565064952 12.0123115687 15.7900229247
1.22718463031 12.0757973148 15.443931713
1.2287186111 12.1325369358 15.0874228294
1.23025259188 12.1824567087 14.7207877012
1.23178657267 12.225488039 14.3443246792
1.23332055346 12.2615675187 13.9583388178
1.23485453425 12.2906369796 13.5631416502
1.23638851504 12.3126435415 13.1590509583
1.23792249582 12.3275396557 12.7463905391
1.23945647661 12.3352831432 12.3254899661
1.2409904574 12.3358372283 11.8966843467
1.24252443819 12.3291705668 11.4603140753
1.24405841898 12.3152572693 11.0167245829
1.24559239976 12.2940769202 10.5662660827
1.24712638055 12.2656145905 10.1092933122
1.24866036134 12.2298608467 9.64616527188
1.25019434213 12.1868117544 9.17724496091
1.25172832291 12.1364688767 8.70289910933
1.2532623037 12.0788392681 8.22349790778
1.25479628449 12.0139354635 7.73941473433
1.25633026528 11.9417754622 7.25102587893
1.25786424607 11.8623827074 6.75871026539
1.25939822685 11.7757860608 6.26284917139
1.26093220764 11.6820197723 5.76382594644
1.26246618843 11.581123446 5.26202572812
1.26400016922 11.4731420004 4.75783515678
1.26553415001 11.3581256251 4.25164208891
1.26706813079 11.2361297327 3.74383530929
1.26860211158 11.1072149067 3.23480424225
1.27013609237 10.9714468442 2.72493866216
1.27167007316 10.8288962961 2.21462840334
1.27320405395 10.6796390012 1.70426306972
1.27473803473 10.5237556183 1.19423174427
1.27627201552 10.3613316529 0.684922698589
1.27780599631 10.192457381 0.176723102749
1.2793399771 10.0172277685 -0.329981264362
1.28087395788 9.8357423877 -0.834806303964
1.28240793867 9.64810532988 -1.33736988539
1.28394191946 9.4544251146 -1.83729213295
1.28547590025 9.25481459572 -2.33419571144
1.28700988104 9.04939086432 -2.82770611005
1.28854386182 8.83827514847 -3.31745192458
1.29007784261 8.62159271016 -3.8030651375
1.2916118234 8.39947273942 -4.28418139597
1.29314580419 8.17204824569 -4.7604402873
1.29467978498 7.93945594669 -5.23148561183
1.29621376576 7.7018361548 -5.69696565296
1.29774774655 7.45933266118 -6.15653344405
1.29928172734 7.21209261765 -6.60984703216
1.30081570813 6.96026641652 -7.05656973819
1.30234968891 6.70400756852 -7.49637041335
1.3038836697 6.44347257888 -7.92892369182
1.30541765049 6.17882082172 -8.35391023917
1.30695163128 5.91021441297 -8.77101699656
1.30848561207 5.63781808181 -9.17993742038
1.31001959285 5.3617990408 -9.58037171725
1.31155357364 5.08232685491 -9.97202707403
1.31308755443 4.79957330948 -10.3546178828
1.31462153522 4.51371227729 -10.7278659604
1.31615551601 4.22491958484 -11.091500763
1.31768949679 3.933372878 -11.4452595939
1.31922347758 3.6392514871 -11.7888878072
1.32075745837 3.34273629167 -12.1221390034
1.32229143916 3.04400958489 -12.4447752207
1.32382541995 2.74325493784 -12.7565671187
1.32535940073 2.44065706381 -13.0572941561
1.32689338152 2.13640168257 -13.3467447615
1.32842736231 1.83067538501 -13.6247164974
1.3299613431 1.52366549794 -13.8910162175
1.33149532388 1.21555994941 -14.1454602161
1.33302930467 0.906547134581 -14.3878743713
1.33456328546 0.59681578223 -14.6180942795
1.33609726625 0.286554821997 -14.8359653837
1.33763124704 -0.0240467474521 -15.0413430927
1.33916522782 -0.334799989321 -15.2340928937
1.34069920861 -0.645516158498 -15.4140904562
1.3422331894 -0.956006830204 -15.5812217285
1.34376717019 -1.26608402738 -15.7353830251
1.34530115098 -1.57556034669 -15.876481107
1.34683513176 -1.88424908316 -16.0044332527
1.34836911255 -2.19196435315 -16.1191673218
1.34990309334 -2.49852121584 -16.2206218088
1.35143707413 -2.80373579298 -16.3087458895
1.35297105492 -3.10742538679 -16.3834994584
1.3545050357 -3.40940859617 -16.4448531569
1.35603901649 -3.7095054308 -16.4927883939
1.35757299728 -4.00753742346 -16.5272973561
1.35910697807 -4.30332774009 -16.5483830111
1.36064095885 -4.59670128792 -16.5560591003
1.36217493964 -4.88748482132 -16.5503501239
1.36370892043 -5.17550704544 -16.5312913162
1.36524290122 -5.4605987176 -16.498928613
1.36677688201 -5.74259274635 -16.4533186091
1.36831086279 -6.02132428813 -16.3945285076
1.36984484358 -6.29663084155 -16.3226360599
1.37137882437 -6.56835233918 -16.2377294977
1.37291280516 -6.83633123691 -16.1399074546
1.37444678595 -7.10041260074 -16.0292788809
1.37598076673 -7.36044419102 -15.9059629483
1.37751474752 -7.61627654415 -15.7700889461
1.37904872831 -7.86776305166 -15.6217961697
1.3805827091 -8.11476003666 -15.4612337995
1.38211668988 -8.35712682771 -15.288560772
1.38365067067 -8.59472582995 -15.1039456421
1.38518465146 -8.82742259367 -14.907566438
1.38671863225 -9.05508588014 -14.6996105069
1.38825261304 -9.27758772478 -14.480274353
1.38978659382 -9.49480349773 -14.2497634683
1.39132057461 -9.7066119616 -14.0082921545
1.3928545554 -9.91289532672 -13.756083338
1.39438853619 -10.1135393036 -13.493368377
1.39592251698 -10.3084331527 -13.2203868615
1.39745649776 -10.4974697317 -12.937386406
1.39899047855 -10.6805455402 -12.6446224349
1.40052445934 -10.8575607613 -12.3423579617
1.40205844013 -11.0284193013 -12.0308633603
1.40359242092 -11.1930288262 -11.7104161315
1.4051264017 -11.3513007961 -11.3813006614
1.40666038249 -11.5031504966 -11.0438079752
1.40819436328 -11.6484970682 -10.6982354837
1.40972834407 -11.7872635329 -10.3448867253
1.41126232485 -11.9193768181 -9.98407110214
1.41279630564 -12.0447677789 -9.61610361026
1.41433028643 -12.1633712168 -9.24130456586
1.41586426722 -12.2751258975 -8.85999932602
1.41739824801 -12.3799745649 -8.47251800513
1.41893222879 -12.4778639536 -8.07919518695
1.42046620958 -12.5687447994 -7.68036963267
1.42200019037 -12.6525718469 -7.27638398507
1.42353417116 -12.729303855 -6.86758446928
1.42506815195 -12.7989036011 -6.45432059011
1.42660213273 -12.8613378818 -6.03694482653
1.42813611352 -12.9165775129 -5.61581232328
1.42967009431 -12.9645973263 -5.19128058012
1.4312040751 -13.005376166 -4.76370913885
1.43273805589 -13.0388968806 -4.33345926846
1.43427203667 -13.0651463159 -3.90089364868
1.43580601746 -13.0841153036 -3.46637605219
1.43733999825 -13.0957986499 -3.03027102579
1.43887397904 -13.1001951213 -2.59294357089
1.44040795982 -13.0973074286 -2.15475882349
1.44194194061 -13.0871422102 -1.71608173409
1.4434759214 -13.0697100126 -1.27727674765
1.44500990219 -13.0450252698 -0.838707484099
1.44654388298 -13.0131062816 -0.400736419561
1.44807786376 -12.9739751891 0.036275431411
1.44961184455 -12.9276579501 0.471968832206
1.45114582534 -12.8741843122 0.905986638903
1.45267980613 -12.8135877846 1.33797411307
1.45421378692 -12.7459056088 1.76757923235
1.4557477677 -12.6711787276 2.19445299843
1.45728174849 -12.5894517534 2.61824974233
1.45881572928 -12.500772934 3.03862742637
1.46034971007 -12.4051941187 3.45524794294
1.46188369086 -12.3027707223 3.8677774094
1.46341767164 -12.1935616877 4.27588645907
1.46495165243 -12.0776294482 4.67925052796
1.46648563322 -11.9550398878 5.07755013692
1.46801961401 -11.8258623013 5.47047116901
1.46955359479 -11.6901693524 5.85770514173
1.47108757558 -11.5480370317 6.23894947396
1.47262155637 -11.3995446127 6.61390774719
1.47415553716 -11.244774608 6.98228996097
1.47568951795 -11.0838127233 7.34381278214
1.47722349873 -10.9167478115 7.69819978778
1.47875747952 -10.7436718251 8.04518170145
1.48029146031 -10.5646797683 8.38449662264
1.4818254411 -10.379869648 8.71589024913
1.48335942189 -10.1893424236 9.03911609201
1.48489340267 -9.99320195651 9.35393568324
1.48642738346 -9.79155495865 9.66011877544
1.48796136425 -9.58451093985 9.95744353376
1.48949534504 -9.3721821548 10.2456967196
1.49102932582 -9.15468354906 10.5246738663
1.49256330661 -8.93213270427 10.7941794455
1.4940972874 -8.70464978268 11.0540270262
1.49563126819 -8.4723574708 11.3040394239
1.49716524898 -8.23538092243 11.5440488407
1.49869922976 -7.99384770081 11.7738969976
1.50023321055 -7.74788772015 11.9934352559
1.50176719134 -7.49763318631 12.2025247302
1.50330117213 -7.24321853688 12.4010363919
1.50483515292 -6.98478038041 12.5888511625
1.5063691337 -6.72245743499 12.7658599981
1.50790311449 -6.45639046612 12.9319639628
1.50943709528 -6.1867222238 13.087074294
1.51097107607 -5.91359737898 13.2311124559
1.51250505686 -5.63716245922 13.3640101847
1.51403903764 -5.35756578373 13.4857095223
1.51557301843 -5.07495739761 13.5961628409
1.51710699922 -4.78948900547 13.6953328574
1.51864098001 -4.50131390422 13.7831926368
1.52017496079 -4.21058691531 13.8597255868
1.52170894158 -3.91746431612 13.9249254413
1.52324292237 -3.62210377071 13.978796234
1.52477690316 -3.3246642599 14.0213522624
1.52631088395 -3.02530601054 14.0526180408
1.52784486473 -2.72419042421 14.072628244
1.52937884552 -2.42148000508 14.0814276415
1.53091282631 -2.11733828721 14.07907102
1.5324468071 -1.81192976103 14.0656230986
1.53398078789 -1.50541979921 14.0411584321
1.53551476867 -1.19797458181 14.0057613056
1.53704874946 -0.889761020766 13.9595256201
1.53858273025 -0.580946683643 13.9025547676
1.54011671104 -0.271699716786 13.8349614977
1.54165069183 0.0378112322406 13.7568677745
1.54318467261 0.347417092858 13.6684046256
1.5447186534 0.656948450329 13.5697119806
1.54625263419 0.966235625249 13.4609385024
1.54778661498 1.27510875367 13.3422414095
1.54932059576 1.58339786785 13.2137862896
1.55085457655 1.89093297758 13.0757469059
1.55238855734 2.19754415209 12.9283049946
1.55392253813 2.50306160263 12.7716500557
1.55545651892 2.80731576542 12.6059791353
1.5569904997 3.11013738532 12.4314966015
1.55852448049 3.4113575999 12.2484139126
1.56005846128 3.71080802404 12.0569493792
1.56159244207 4.00832083501 11.8573279195
1.56312642286 4.30372885799 11.6497808079
1.56466040364 4.59686565198 11.4345454183
1.56619438443 4.88756559614 11.2118649617
1.56772836522 5.1756639765 10.9819882174
1.56926234601 5.46099707294 10.7451692601
1.57079632679 5.74340224651 10.5016671819
1.57233030758 6.02271802707 10.2517458092
1.57386428837 6.298784201 9.99567341597
1.57539826916 6.57144189928 9.7337224326
1.57693224995 6.8405336856 9.46616915149
1.57846623073 7.1059036446 9.19329342898
1.58000021152 7.36739747024 8.91537838438
1.58153419231 7.6248625541 8.63271009636
1.5830681731 7.87814807372 8.34557729686
1.58460215389 8.12710508083 8.05427106298
1.58613613467 8.37158658949 7.75908450726
1.58767011546 8.61144766405 7.46031246639
1.58920409625 8.84654550687 7.15825118901
1.59073807704 9.07673954573 6.85319802276
1.59227205783 9.30189152103 6.54545110092
1.59380603861 9.52186557243 6.23530902902
1.5953400194 9.73652832516 5.92307057176
1.59687400019 9.9457489758 5.60903434056
1.59840798098 10.1493993775 5.29349848201
1.59994196176 10.3473541243 4.97676036774
1.60147594255 10.5394906355 4.65911628583
1.60300992334 10.7256892383 4.34086113419
1.60454390413 10.9058332502 4.02228811632
1.60607788492 11.0798090606 3.70368843958
1.6076118657 11.2475062108 3.38535101653
1.60914584649 11.4088174741 3.06756216943
1.61067982728 11.5636389331 2.75060533842
1.61221380807 11.711870058 2.43476079354
1.61374778886 11.8534137814 2.12030535104
1.61528176964 11.9881765737 1.80751209413
1.61681575043 12.116068516 1.49665009863
1.61834973122 12.2370033717 1.18798416367
1.61988371201 12.350898657 0.881774547859
1.6214176928 12.4576757094 0.578276711114
1.62295167358 12.5572597547 0.277741062476
1.62448565437 12.6495799723 -0.0195872858412
1.62601963516 12.7345695583 -0.313468757878
1.62755361595 12.8121657874 -0.603669546604
1.62908759673 12.8823100723 -0.88996183957
1.63062157752 12.9449480212 -1.1721240373
1.63215555831 13.0000294933 -1.44994096419
1.6336895391 13.0475086519 -1.72320407171
1.63522351989 13.0873440157 -1.99171163361
1.63675750067 13.119498507 -2.25526893307
1.63829148146 13.1439394988 -2.51368844141
1.63982546225 13.1606388578 -2.76678998836
1.64135944304 13.1695729864 -3.01440092352
1.64289342383 13.1707228611 -3.25635626902
1.64442740461 13.164074069 -3.49249886309
1.6459613854 13.1496168406 -3.7226794944
1.64749536619 13.1273460814 -3.94675702716
1.64902934698 13.0972613987 -4.16459851664
1.65056332776 13.0593671273 -4.37607931519
1.65209730855 13.0136723514 -4.58108316851
1.65363128934 12.9601909233 -4.77950230214
1.65516527013 12.8989414795 -4.97123749809
1.65669925092 12.8299474539 -5.15619816149
1.6582332317 12.7532370872 -5.33430237724
1.65976721249 12.6688434335 -5.50547695656
1.66130119328 12.5768043636 -5.66965747345
1.66283517407 12.4771625654 -5.826788291
1.66436915486 12.3699655401 -5.97682257753
1.66590313564 12.2552655959 -6.11972231257
1.66743711643 12.1331198381 -6.25545828266
1.66897109722 12.0035901555 -6.384010067
1.67050507801 11.8667432036 -6.505366013
1.6720390588 11.7226503847 -6.61952320175
1.67357303958 11.5713878233 -6.72648740339
1.67510702037 11.4130363398 -6.82627302258
1.67664100116 11.2476814191 -6.91890303407
1.67817498195 11.0754131765 -7.00440890841
1.67970896273 10.8963263198 -7.08283052796
1.68124294352 10.7105201079 -7.15421609331
1.68277692431 10.5180983061 -7.21862202019
1.6843109051 10.3191691373 -7.27611282701
1.68584488589 10.1138452304 -7.32676101317
1.68737886667 9.9022435642 -7.3706469283
1.68891284746 9.68448540899 -7.4078586326
1.69044682825 9.46069626354 -7.43849174839
1.69198080904 9.23100578925 -7.46264930313
1.69351478983 8.99554774064 -7.48044156406
1.69504877061 8.75445989237 -7.49198586463
1.6965827514 8.50788396292 -7.497406423
1.69811673219 8.25596553484 -7.49683415276
1.69965071298 7.99885397175 -7.49040646614
1.70118469377 7.73670233189 -7.47826706995
1.70271867455 7.46966727857 -7.46056575441
1.70425265534 7.19790898729 -7.43745817526
1.70578663613 6.92159104977 -7.40910562929
1.70732061692 6.64088037485 -7.37567482364
1.7088545977 6.35594708632 -7.33733763904
1.71038857849 6.06696441779 -7.29427088742
1.71192255928 5.77410860465 -7.24665606404
1.71345654007 5.4775587731 -7.19467909451
1.71499052086 5.17749682647 -7.13853007696
1.71652450164 4.87410732876 -7.07840301972
1.71805848243 4.56757738564 -7.01449557473
1.71959246322 4.25809652277 -6.94700876713
1.72112644401 3.94585656174 -6.87614672116
1.7226604248 3.63105149357 -6.80211638289
1.72419440558 3.31387734997 -6.72512724
1.72572838637 2.99453207231 -6.64539103891
1.72726236716 2.67321537859 -6.56312149972
1.72879634795 2.35012862829 -6.47853402916
1.73033032874 2.02547468538 -6.391845432
1.73186430952 1.69945777948 -6.30327362111
1.73339829031 1.37228336536 -6.21303732674
1.7349322711 1.04415798082 -6.12135580517
1.73646625189 0.715289103075 -6.02844854706
1.73800023267 0.385885003768 -5.93453498606
1.73953421346 0.0561546027724 -5.83983420779
1.74106819425 -0.273692679205 -5.74456465964
1.74260217504 -0.603447069011 -5.64894386171
1.74413615583 -0.932898590343 -5.55318811924
1.74567013661 -1.26183721383 -5.45751223689
1.7472041174 -1.59005300777 -5.36212923514
1.74873809819 -1.91733628937 -5.26725006918
1.75027207898 -2.24347777648 -5.17308335066
1.75180605977 -2.56826873946 -5.07983507255
1.75334004055 -2.89150115336 -4.98770833752
1.75487402134 -3.21296785002 -4.89690309005
1.75640800213 -3.53246267004 -4.80761585271
1.75794198292 -3.84978061463 -4.72003946679
1.7594759637 -4.16471799698 -4.63436283776
1.76100994449 -4.47707259316 -4.55077068559
1.76254392528 -4.7866437924 -4.46944330057
1.76407790607 -5.09323274661 -4.39055630459
1.76561188686 -5.39664251896 -4.31428041835
1.76714586764 -5.69667823149 -4.24078123475
1.76867984843 -5.99314721152 -4.17021899867
1.77021382922 -6.28585913678 -4.10274839345
1.77174781001 -6.57462617909 -4.03851833432
1.7732817908 -6.85926314657 -3.97767176891
1.77481577158 -7.13958762407 -3.92034548535
1.77634975237 -7.41542011186 -3.86666992781
1.77788373316 -7.68658416234 -3.81676902004
1.77941771395 -7.95290651474 -3.77075999689
1.78095169474 -8.21421722758 -3.72875324412
1.78248567552 -8.47034980884 -3.69085214668
1.78401965631 -8.72114134373 -3.65715294557
1.7855536371 -8.96643261989 -3.6277446035
1.78708761789 -9.20606824989 -3.60270867959
1.78862159867 -9.43989679101 -3.58211921304
1.79015557946 -9.66777086209 -3.56604261617
1.79168956025 -9.88954725736 -3.55453757671
1.79322354104 -10.1050870572 -3.54765496969
1.79475752183 -10.3142557356 -3.54543777882
1.79629150261 -10.5169232645 -3.54792102759
1.7978254834 -10.7129642143 -3.55513172019
1.79935946419 -10.9022578513 -3.56708879215
1.80089344498 -11.0846882313 -3.58380307097
1.80242742577 -11.2601442893 -3.60527724666
1.80396140655 -11.4285199259 -3.63150585225
1.80549538734 -11.5897140894 -3.66247525432
1.80702936813 -11.743630854 -3.69816365357
1.80856334892 -11.8901794941 -3.73854109534
1.81009732971 -12.0292745542 -3.78356949019
1.81163131049 -12.1608359151 -3.8332026445
1.81316529128 -12.2847888552 -3.88738630094
1.81469927207 -12.4010641081 -3.94605818892
1.81623325286 -12.5095979152 -4.00914808486
1.81776723364 -12.6103320745 -4.07657788225
1.81930121443 -12.7032139843 -4.14826167143
1.82083519522 -12.7881966829 -4.22410582898
1.82236917601 -12.865238883 -4.30400911664
1.8239031568 -12.9343050025 -4.38786278958
1.82543713758 -12.9953651896 -4.47555071401
1.82697111837 -13.0483953439 -4.56694949393
1.82850509916 -13.0933771323 -4.66192860684
1.83003907995 -13.1302980006 -4.76035054833
1.83157306074 -13.1591511801 -4.86207098538
1.83310704152 -13.1799356891 -4.96693891809
1.83464102231 -13.1926563306 -5.07479684978
1.8361750031 -13.1973236837 -5.18548096524
1.83770898389 -13.1939540919 -5.29882131687
1.83924296467 -13.1825696451 -5.41464201853
1.84077694546 -13.163198158 -5.5327614469
1.84231092625 -13.1358731426 -5.65299245009
1.84384490704 -13.1006337771 -5.77514256326
1.84537888783 -13.0575248694 -5.89901423105
1.84691286861 -13.0065968156 -6.0244050365
1.8484468494 -12.9479055548 -6.15110793622
1.84998083019 -12.8815125182 -6.27891150161
1.85151481098 -12.8074845744 -6.40760016572
1.85304879177 -12.7258939696 -6.53695447558
1.85458277255 -12.6368182637 -6.6667513497
1.85611675334 -12.5403402615 -6.79676434037
1.85765073413 -12.43654794 -6.92676390054
1.85918471492 -12.3255343709 -7.05651765496
1.86071869571 -12.2073976391 -7.18579067522
1.86225267649 -12.0822407567 -7.31434575847
1.86378665728 -11.9501715735 -7.44194370938
1.86532063807 -11.8113026825 -7.56834362515
1.86685461886 -11.6657513223 -7.69330318313
1.86838859964 -11.5136392752 -7.81657893082
1.86992258043 -11.355092761 -7.93792657782
1.87145656122 -11.1902423284 -8.05710128953
1.87299054201 -11.0192227413 -8.17385798209
1.8745245228 -10.8421728629 -8.28795161842
1.87605850358 -10.6592355351 -8.39913750484
1.87759248437 -10.4705574557 -8.50717158812
1.87912646516 -10.2762890515 -8.6118107524
1.88066044595 -10.0765843495 -8.71281311588
1.88219442674 -9.87160084338 -8.80993832677
1.88372840752 -9.66149935892 -8.90294785824
1.88526238831 -9.44644391545 -8.99160530204
1.8867963691 -9.22660158526 -9.07567666037
1.88833034989 -9.00214235033 -9.15493063586
1.88986433068 -8.77323895679 -9.22913891911
1.89139831146 -8.54006676709 -9.29807647361
1.89293229225 -8.30280361013 -9.36152181766
1.89446627304 -8.06162962939 -9.41925730301
1.89600025383 -7.81672712928 -9.47106938989
1.89753423461 -7.56828041981 -9.51674891809
1.8990682154 -7.31647565965 -9.55609137379
1.90060219619 -7.06150069794 -9.58889715197
1.90213617698 -6.80354491468 -9.61497181386
1.90367015777 -6.54279906018 -9.63412633936
1.90520413855 -6.27945509341 -9.64617737405
1.90673811934 -6.01370601962 -9.65094747054
1.90827210013 -5.7457457273 -9.64826532384
1.90980608092 -5.47576882462 -9.63796600059
1.91134006171 -5.20397047545 -9.61989116174
1.91287404249 -4.93054623527 -9.59388927865
1.91440802328 -4.65569188696 -9.55981584211
1.91594200407 -4.37960327667 -9.51753356427
1.91747598486 -4.10247614999 -9.46691257316
1.91900996564 -3.82450598845 -9.4078305995
1.92054394643 -3.54588784663 -9.34017315582
1.92207792722 -3.2668161899 -9.26383370746
1.92361190801 -2.98748473307 -9.17871383539
1.9251458888 -2.70808627997 -9.08472339062
1.92667986958 -2.42881256424 -8.98178064007
1.92821385037 -2.14985409137 -8.8698124037
1.92974783116 -1.87139998219 -8.74875418278
1.93128181195 -1.59363781796 -8.61855027915
1.93281579274 -1.31675348711 -8.47915390528
1.93434977352 -1.04093103402 -8.33052728518
1.93588375431 -0.766352509587 -8.17264174582
1.9374177351 -0.493197824153 -8.00547779917
1.93895171589 -0.221644602567 -7.82902521457
1.94048569668 0.0481319582456 -7.64328308163
1.94201967746 0.315959229194 -7.44825986323
1.94355365825 0.581667286234 -7.24397343892
1.94508763904 0.845089044774 -7.03045113845
1.94662161983 1.10606039113 -6.8077297654
1.94815560061 1.36442031095 -6.57585561108
1.9496895814 1.62001101441 -6.33488445842
1.95122356219 1.87267805813 -6.08488157609
1.95275754298 2.12227046371 -5.82592170266
1.95429152377 2.36864083273 -5.55808902097
1.95582550455 2.61164545803 -5.28147712266
1.95735948534 2.85114443142 -4.9961889629
1.95889346613 3.08700174741 -4.70233680546
1.96042744692 3.31908540309 -4.400042158
1.96196142771 3.54726749395 -4.08943569792
1.96349540849 3.7714243056 -3.77065718853
1.96502938928 3.99143640129 -3.44385538596
1.96656337007 4.20718870513 -3.10918793663
1.96809735086 4.418570581 -2.76682126561
1.96963133165 4.62547590694 -2.41693045584
1.97116531243 4.82780314517 -2.05969911846
1.97269929322 5.02545540742 -1.69531925427
1.97423327401 5.2183405157 -1.32399110656
1.9757672548 5.40637105838 -0.945923005511
1.97730123558 5.58946444155 -0.56133120414
1.97883521637 5.76754293556 -0.170439706211
1.98036919716 5.94053371679 0.226519913881
1.98190317795 6.10836890454 0.629308698974
1.98343715874 6.27098559302 1.03768050458
1.98497113952 6.42832587846 1.45138220169
1.98650512031 6.58033688123 1.87015388671
1.9880391011 6.72697076305 2.29372909834
1.98957308189 6.8681847392 2.72183504115
1.99110706268 7.00394108578 3.15419281554
1.99264104346 7.13420714193 3.59051765404
1.99417502425 7.25895530714 4.03051916346
1.99570900504 7.37816303356 4.47390157281
1.99724298583 7.49181281332 4.92036398664
1.99877696661 7.59989216097 5.36960064361
2.0003109474 7.70239359092 5.82130117993
2.00184492819 7.79931459004 6.27515089745
2.00337890898 7.89065758539 6.73083103615
2.00491288977 7.97642990708 7.18801905071
2.00644687055 8.05664374641 7.6463888908
2.00798085134 8.13131610922 8.10561128501
2.00951483213 8.20046876453 8.5653540279
2.01104881292 8.26412818866 9.02528227006
2.01258279371 8.32232550462 9.48505881067
2.01411677449 8.37509641712 9.94434439261
2.01565075528 8.42248114309 10.4027979994
2.01718473607 8.46452433782 10.8600771539
2.01871871686 8.5012750169 11.3158382187
2.02025269765 8.53278647383 11.7697366975
2.02178667843 8.55911619364 12.2214275368
2.02332065922 8.58032576244 12.6705654293
2.02485464001 8.59648077304 13.1168051165
2.0263886208 8.60765072677 13.5598016915
2.02792260158 8.61390893159 13.9992109019
2.02945658237 8.61533239656 14.4346894514
2.03099056316 8.61200172282 14.8658953009
2.03252454395 8.60400099129 15.2924879683
2.03405852474 8.59141764691 15.7141288263
2.03559250552 8.57434238 16.1304813994
2.03712648631 8.55286900439 16.5412116576
2.0386604671 8.52709433279 16.9459883086
2.04019444789 8.49711804943 17.3444830872
2.04172842868 8.46304258004 17.7363710413
2.04326240946 8.42497295938 18.1213308153
2.04479639025 8.38301669647 18.4990449297
2.04633037104 8.33728363762 18.869200057
2.04786435183 8.28788582746 19.2314872941
2.04939833262 8.23493736804 19.5856024296
2.0509323134 8.17855427626 19.9312462076
2.05246629419 8.1188543397 20.2681245859
2.05400027498 8.05595697103 20.5959489902
2.05553425577 7.98998306116 20.9144365626
2.05706823655 7.92105483134 21.2233104046
2.05860221734 7.84929568423 21.5222998147
2.06013619813 7.77483005432 21.8111405207
2.06167017892 7.69778325759 22.0895749054
2.06320415971 7.61828134088 22.3573522261
2.06473814049 7.53645093085 22.614228828
2.06627212128 7.45241908293 22.8599683514
2.06780610207 7.36631313021 23.0943419315
2.06934008286 7.27826053268 23.3171283918
2.07087406365 7.1883887267 23.5281144301
2.07240804443 7.09682497519 23.7270947982
2.07394202522 7.0036962184 23.9138724731
2.07547600601 6.90912892562 24.0882588215
2.0770099868 6.81324894797 24.250073757
2.07854396759 6.71618137231 24.3991458889
2.08007794837 6.61805037664 24.5353126638
2.08161192916 6.51897908693 24.6584204991
2.08314590995 6.41908943575 24.7683249086
2.08467989074 6.31850202266 24.8648906201
2.08621387152 6.21733597669 24.947991685
2.08774785231 6.11570882096 25.0175115795
2.0892818331 6.01373633963 25.0733432977
2.09081581389 5.91153244731 25.1153894366
2.09234979468 5.80920906113 25.1435622728
2.09388377546 5.70687597554 25.1577838302
2.09541775625 5.60464074007 25.1579859407
2.09695173704 5.50260854009 25.1441102952
2.09848571783 5.40088208079 25.1161084868
2.10001969862 5.29956147451 25.0739420462
2.1015536794 5.1987441315 25.0175824673
2.10308766019 5.09852465426 24.9470112265
2.10462164098 4.99899473558 24.8622197915
2.10615562177 4.90024306044 24.7632096239
2.10768960255 4.80235521185 24.6499921719
2.10922358334 4.7054135807 24.522588856
2.11075756413 4.60949727982 24.381031046
2.11229154492 4.51468206224 24.2253600304
2.11382552571 4.42104024391 24.0556269772
2.11535950649 4.3286406308 23.8718928874
2.11689348728 4.23754845052 23.6742285406
2.11842746807 4.14782528866 23.4627144327
2.11996144886 4.05952902973 23.2374407061
2.12149542965 3.97271380297 22.9985070725
2.12302941043 3.88742993291 22.7460227284
2.12456339122 3.80372389493 22.4801062626
2.12609737201 3.72163827574 22.2008855581
2.1276313528 3.64121173882 21.9084976852
2.12916533359 3.56247899504 21.6030887891
2.13069931437 3.4854707783 21.28481397
2.13223329516 3.4102138263 20.9538371572
2.13376727595 3.33673086651 20.610330976
2.13530125674 3.26504060731 20.2544766095
2.13683523752 3.19515773435 19.8864636526
2.13836921831 3.12709291207 19.5064899622
2.1399031991 3.06085279047 19.1147614994
2.14143717989 2.99644001715 18.7114921678
2.14297116068 2.93385325442 18.2969036457
2.14450514146 2.87308720176 17.8712252125
2.14603912225 2.81413262333 17.4346935715
2.14757310304 2.75697638068 16.987552666
2.14910708383 2.70160147057 16.5300534925
2.15064106462 2.64798706789 16.0624539076
2.1521750454 2.59610857354 15.5850184324
2.15370902619 2.54593766734 15.098018051
2.15524300698 2.49744236588 14.6017300066
2.15677698777 2.45058708521 14.0964375931
2.15831096856 2.40533270826 13.582429943
2.15984494934 2.36163665711 13.0600018122
2.16137893013 2.3194529698 12.5294533623
2.16291291092 2.27873238168 11.9910899389
2.16444689171 2.23942241129 11.4452218474
2.16598087249 2.20146745055 10.8921641272
2.16751485328 2.16480885925 10.3322363224
2.16904883407 2.1293850636 9.76576225104
2.17058281486 2.09513165897 9.19306977204
2.17211679565 2.06198151637 8.6144905508
2.17365077643 2.02986489287 8.03035982295
2.17518475722 1.99870954563 7.44101615692
2.17671873801 1.9684408494 6.8468012153
2.1782527188 1.93898191755 6.24805951533
2.17978669959 1.91025372622 5.64513818858
2.18132068037 1.88217524163 5.0383867401
2.18285466116 1.85466355037 4.42815680722
2.18438864195 1.82763399242 3.81480191812
2.18592262274 1.80100029685 3.19867725049
2.18745660352 1.77467471998 2.58013939032
2.18899058431 1.74856818586 1.95954609107
2.1905245651 1.72259042887 1.33725603339
2.19205854589 1.69665013829 0.713628585598
2.19359252668 1.67065510464 0.0890235650174
2.19512650746 1.64451236768 -0.536198999594
2.19666048825 1.61812836577 -1.1616791044
2.19819446904 1.59140908655 -1.78705700541
2.19972844983 1.56426021855 -2.41197345191
2.20126243062 1.53658730385 -3.03606991812
2.2027964114 1.50829589125 -3.65898883298
2.20433039219 1.47929169003 -4.28037380802
2.20586437298 1.44948072395 -4.89986986293
2.20739835377 1.41876948543 -5.51712364893
2.20893233456 1.38706508952 -6.1317836697
2.21046631534 1.3542754277 -6.74350049965
2.21200029613 1.32030932113 -7.35192699959
2.21353427692 1.28507667323 -7.95671852953
2.21506825771 1.24848862144 -8.55753315853
2.21660223849 1.21045768781 -9.15403187148
2.21813621928 1.17089792847 -9.7458787727
2.21967020007 1.12972508151 -10.3327412863
2.22120418086 1.08685671329 -10.9142903531
2.22273816165 1.04221236292 -11.490200624
2.22427214243 0.995713684678 -12.0601506499
2.22580612322 0.947284588211 -12.6238230679
2.22734010401 0.896851376392 -13.1809047835
2.2288740848 0.844342880539 -13.7310871495
2.23040806559 0.789690592898 -14.2740661401
2.23194204637 0.732828796186 -14.8095425219
2.23347602716 0.673694690015 -15.3372220205
2.23501000795 0.61222851403 -15.8568154823
2.23654398874 0.5483736676 -16.3680390333
2.23807796953 0.482076825883 -16.8706142327
2.23961195031 0.413288052119 -17.3642682224
2.2411459311 0.341960905982 -17.8487338722
2.24267991189 0.268052547852 -18.3237499209
2.24421389268 0.191523838842 -18.7890611122
2.24574787346 0.112339436459 -19.2444183267
2.24728185425 0.0304678857402 -19.6895787089
2.24881583504 -0.0541182942555 -20.1243057905
2.25034981583 -0.141442528734 -20.5483696077
2.25188379662 -0.23152411035 -20.9615468153
2.2534177774 -0.324378127406 -21.3636207951
2.25495175819 -0.420015397181 -21.7543817603
2.25648573898 -0.518442404486 -22.1336268547
2.25801971977 -0.61966124555 -22.5011602479
2.25955370056 -0.723669577328 -22.8567932248
2.26108768134 -0.830460572324 -23.2003442715
2.26262166213 -0.94002287899 -23.5316391557
2.26415564292 -1.0523405878 -23.8505110027
2.26568962371 -1.16739320302 -24.1568003667
2.26722360449 -1.28515562034 -24.4503552972
2.26875758528 -1.40559811023 -24.7310314012
2.27029156607 -1.5286863073 -24.9986919001
2.27182554686 -1.65438120547 -25.2532076823
2.27335952765 -1.7826391592 -25.4944573513
2.27489350843 -1.91341189062 -25.7223272687
2.27642748922 -2.04664650268 -25.9367115931
2.27796147001 -2.18228549833 -26.1375123139
2.2794954508 -2.32026680564 -26.3246392813
2.28102943159 -2.46052380897 -26.4980102308
2.28256341237 -2.60298538613 -26.6575508041
2.28409739316 -2.74757595145 -26.8031945648
2.28563137395 -2.89421550485 -26.9348830105
2.28716535474 -3.04281968678 -27.0525655793
2.28869933553 -3.19329983901 -27.1561996535
2.29023331631 -3.34556307124 -27.2457505574
2.2917672971 -3.49951233347 -27.3211915519
2.29330127789 -3.65504649402 -27.3825038243
2.29483525868 -3.8120604232 -27.4296764743
2.29636923946 -3.97044508247 -27.4627064955
2.29790322025 -4.13008761913 -27.4815987527
2.29943720104 -4.29087146623 -27.4863659558
2.30097118183 -4.45267644784 -27.4770286287
2.30250516262 -4.61537888943 -27.453615075
2.3040391434 -4.77885173327 -27.4161613392
2.30557312419 -4.94296465875 -27.3647111647
2.30710710498 -5.10758420748 -27.2993159472
2.30864108577 -5.27257391302 -27.2200346849
2.31017506656 -5.43779443514 -27.1269339245
2.31170904734 -5.60310369846 -27.0200877038
2.31324302813 -5.76835703525 -26.8995774906
2.31477700892 -5.93340733233 -26.7654921183
2.31631098971 -6.09810518182 -26.6179277172
2.3178449705 -6.26229903566 -26.4569876431
2.31937895128 -6.42583536367 -26.2827824021
2.32091293207 -6.58855881492 -26.0954295721
2.32244691286 -6.75031238239 -25.895053721
2.32398089365 -6.91093757056 -25.6817863217
2.32551487443 -7.07027456584 -25.4557656637
2.32704885522 -7.22816240961 -25.2171367615
2.32858283601 -7.38443917365 -24.9660512607
2.3301168168 -7.53894213787 -24.7026673394
2.33165079759 -7.69150796994 -24.4271496087
2.33318477837 -7.84197290679 -24.1396690083
2.33471875916 -7.99017293768 -23.8404027006
2.33625273995 -8.13594398862 -23.5295339615
2.33778672074 -8.279122108 -23.207252068
2.33932070153 -8.41954365311 -22.873752184
2.34085468231 -8.5570454774 -22.5292352428
2.3423886631 -8.69146511822 -22.1739078268
2.34392264389 -8.82264098486 -21.8079820458
2.34545662468 -8.95041254664 -21.4316754111
2.34699060547 -9.07462052079 -21.0452107088
2.34852458625 -9.19510705996 -20.6488158699
2.35005856704 -9.3117159391 -20.2427238381
2.35159254783 -9.42429274152 -19.8271724354
2.35312652862 -9.53268504383 -19.402404226
2.3546605094 -9.63674259961 -18.9686663771
2.35619449019 -9.73631752156 -18.5262105187
2.35772847098 -9.83126446196 -18.0752926007
2.35926245177 -9.92144079104 -17.6161727479
2.36079643256 -10.0067067734 -17.1491151139
2.36233041334 -10.0869257417 -16.6743877324
2.36386439413 -10.1619642683 -16.192262367
2.36539837492 -10.2316923334 -15.7030143596
2.36693235571 -10.2959834906 -15.2069224763
2.3684663365 -10.3547150294 -14.7042687528
2.37000031728 -10.4077681338 -14.1953383376
2.37153429807 -10.4550280374 -13.6804193334
2.37306827886 -10.4963841753 -13.1598026385
2.37460225965 -10.531730331 -12.6337817851
2.37613624043 -10.5609647799 -12.1026527775
2.37767022122 -10.5839904282 -11.5667139289
2.37920420201 -10.6007149472 -11.026265697
2.3807381828 -10.6110509029 -10.481610518
2.38227216359 -10.6149158811 -9.93305264078
2.38380614437 -10.6122326067 -9.38089795882
2.38534012516 -10.6029290588 -8.82545384241
2.38687410595 -10.5869385797 -8.26702896927
2.38840808674 -10.564199979 -7.70593315489
2.38994206753 -10.5346576316 -7.14247718204
2.39147604831 -10.4982615707 -6.57697262979
2.3930100291 -10.4549675739 -6.00973170196
2.39454400989 -10.4047372447 -5.44106705526
2.39607799068 -10.3475380869 -4.87129162697
2.39761197147 -10.283343573 -4.30071846244
2.39914595225 -10.2121332073 -3.72966054231
2.40067993304 -10.1338925811 -3.15843060973
2.40221391383 -10.0486134231 -2.58734099742
2.40374789462 -9.95629364231 -2.01670345489
2.4052818754 -9.85693736472 -1.44682897571
2.40681585619 -9.75055496357 -0.878027625035
2.40834983698 -9.6371630828 -0.310608367374
2.40988381777 -9.51678465399 0.255121105209
2.41141779856 -9.38944890649 0.818854544475
2.41295177934 -9.25519137094 1.38028731683
2.41448576013 -9.11405387608 1.93911657351
2.41601974092 -8.96608453879 2.49504142009
2.41755372171 -8.81133774744 3.04776308508
2.4190877025 -8.6498741386 3.5969850878
2.42062168328 -8.48176056696 4.14241340508
2.42215566407 -8.30707006865 4.68375663705
2.42368964486 -8.12588181802 5.22072617169
2.42522362565 -7.93828107767 5.75303634812
2.42675760644 -7.74435914215 6.28040461857
2.42829158722 -7.54421327505 6.80255170894
2.42982556801 -7.3379466398 7.31920177779
2.4313595488 -7.12566822408 7.83008257372
2.43289352959 -6.90749275798 8.33492559108
2.43442751037 -6.68354062615 8.83346622377
2.43596149116 -6.45393777367 9.32544391731
2.43749547195 -6.2188156062 9.81060231873
2.43902945274 -5.97831088413 10.2886894245
2.44056343353 -5.73256561112 10.7594577264
2.44209741431 -5.48172691694 11.2226643546
2.4436313951 -5.22594693498 11.6780712191
2.44516537589 -4.9653826743 12.1254451481
2.44669935668 -4.7001958866 12.5645580244
2.44823333747 -4.43055292811 12.9951869184
2.44976731825 -4.15662461662 13.4171142191
2.45130129904 -3.87858608376 13.8301277619
2.45283527983 -3.59661662282 14.2340209534
2.45436926062 -3.3108995321 14.6285928936
2.4559032414 -3.0216219541 15.0136484945
2.45743722219 -2.7289747107 15.3889985959
2.45897120298 -2.43315213451 15.7544600775
2.46050518377 -2.13435189655 16.1098559684
2.46203916456 -1.8327748305 16.4550155524
2.46357314534 -1.52862475373 16.7897744697
2.46510712613 -1.22210828523 17.1139748161
2.46664110692 -0.913434660725 17.4274652369
2.46817508771 -0.602815545164 17.7301010184
2.4697090685 -0.290464842755 18.0217441748
2.47124304928 0.0234014951859 18.3022635314
2.47277703007 0.338565664401 18.5715348036
2.47431101086 0.654808203627 18.8294406721
2.47584499165 0.971908192102 19.0758708539
2.47737897244 1.28964344841 19.3107221688
2.47891295322 1.60779073046 19.5338986019
2.48044693401 1.92612593635 19.7453113617
2.4819809148 2.2444243059 19.9448789337
2.48351489559 2.5624606227 20.1325271293
2.48504887637 2.88000941635 20.308189131
2.48658285716 3.19684516466 20.4718055318
2.48811683795 3.5127424958 20.623324371
2.48965081874 3.82747638983 20.7627011647
2.49118479953 4.14082237977 20.889898932
2.49271878031 4.45255675166 21.0048882158
2.4942527611 4.76245674361 21.1076470995
2.49578674189 5.07030074359 21.1981612182
2.49732072268 5.37586848563 21.2764237658
2.49885470347 5.6789412444 21.3424354959
2.50038868425 5.97930202781 21.3962047192
2.50192266504 6.27673576751 21.4377472952
2.50345664583 6.5710295071 21.4670866183
2.50499062662 6.86197258778 21.4842536004
2.50652460741 7.1493568313 21.489286647
2.50805858819 7.43297672008 21.4822316291
2.50959256898 7.71262957414 21.4631418499
2.51112654977 7.98811572486 21.432078006
2.51266053056 8.25923868528 21.3891081446
2.51419451134 8.52580531679 21.3343076142
2.51572849213 8.78762599203 21.2677590117
2.51726247292 9.04451475394 21.1895521235
2.51879645371 9.2962894706 21.0997838621
2.5203304345 9.54277198598 20.9985581975
2.52186441528 9.78378826619 20.8859860836
2.52339839607 10.0191685413 20.7621853801
2.52493237686 10.2487474426 20.6272807689
2.52646635765 10.4723641346 20.4814036661
2.52800033844 10.689862443 20.324692129
2.52953431922 10.9010909769 20.1572907583
2.53106830001 11.1059032463 19.9793505958
2.5326022808 11.3041577741 19.7910290172
2.53413626159 11.4957182032 19.5924896205
2.53567024237 11.6804533978 19.3839021097
2.53720422316 11.8582375397 19.165442174
2.53873820395 12.0289502185 18.9372913628
2.54027218474 12.1924765165 18.6996369563
2.54180616553 12.3487070883 18.4526718317
2.54334014631 12.4975382338 18.1965943254
2.5448741271 12.6388719665 17.9316080911
2.54640810789 12.7726160749 17.657921954
2.54794208868 12.8986841793 17.3757497607
2.54947606947 13.0169957816 17.0853102259
2.55101005025 13.1274763099 16.7868267749
2.55254403104 13.2300571572 16.480527383
2.55407801183 13.3246757138 16.1666444108
2.55561199262 13.4112753948 15.8454144369
2.55714597341 13.4898056601 15.5170780865
2.55867995419 13.5602220306 15.1818798577
2.56021393498 13.6224860966 14.8400679444
2.56174791577 13.6765655223 14.491894056
2.56328189656 13.7224340427 14.1376132352
2.56481587734 13.7600714564 13.7774836724
2.56634985813 13.7894636118 13.411766518
2.56788383892 13.8106023882 13.0407256921
2.56941781971 13.8234856709 12.6646276925
2.5709518005 13.8281173214 12.2837414004
2.57248578128 13.8245071419 11.8983378836
2.57401976207 13.8126708344 11.5086901992
2.57555374286 13.792629955 11.1150731934
2.57708772365 13.7644118629 10.7177633008
2.57862170444 13.7280496641 10.3170383418
2.58015568522 13.6835821504 9.91317731944
2.58168966601 13.631053734 9.50646021457
2.5832236468 13.5705143767 9.09716778079
2.58475762759 13.502019515 8.68558133848
2.58629160838 13.4256299805 8.27198256836
2.58782558916 13.3414119164 7.85665330478
2.58935956995 13.249436689 7.4398753288
2.59089355074 13.1497807961 7.02193016134
2.59242753153 13.0425257705 6.60309885645
2.59396151231 12.9277580808 6.18366179497
2.5954954931 12.8055690275 5.76389847868
2.59702947389 12.6760546364 5.34408732516
2.59856345468 12.539315548 4.92450546349
2.60009743547 12.3954569043 4.50542853099
2.60163141625 12.2445882323 4.08713047113
2.60316539704 12.0868233243 3.66988333283
2.60469937783 11.9222801162 3.25395707128
2.60623335862 11.7510805625 2.83961935045
2.60776733941 11.5733505092 2.4271353475
2.60930132019 11.3892195649 2.01676755919
2.61083530098 11.1988209687 1.6087756105
2.61236928177 11.0022914572 1.20341606563
2.61390326256 10.7997711296 0.800942241494
2.61543724335 10.5914033105 0.401604023902
2.61697122413 10.377334412 0.00564768662476
2.61850520492 10.1577137947 -0.386684286586
2.62003918571 9.93269362628 -0.7751533768
2.6215731665 9.70242874098 -1.15952520141
2.62310714728 9.46707649682 -1.53956968216
2.62464112807 9.22679663293 -1.91506120961
2.62617510886 8.98175112623 -2.28577880378
2.62770908965 8.73210404783 -2.65150627098
2.62924307044 8.47802141925 -3.01203235654
2.63077705122 8.21967106873 -3.36715089343
2.63231103201 7.95722248758 -3.71666094654
2.6338450128 7.69084668697 -4.06036695255
2.63537899359 7.4207160551 -4.39807885523
2.63691297438 7.14700421499 -4.7296122361
2.63844695516 6.86988588302 -5.05478844026
2.63998093595 6.58953672838 -5.37343469734
2.64151491674 6.3061332335 -5.68538423737
2.64304889753 6.01985255567 -5.99047640166
2.64458287831 5.73087238996 -6.2885567483
2.6461168591 5.43937083348 -6.57947715245
2.64765083989 5.14552625127 -6.86309590116
2.64918482068 4.84951714379 -7.13927778275
2.65071880147 4.5515220162 -7.40789417053
2.65225278225 4.25171924951 -7.66882310091
2.65378676304 3.95028697373 -7.92194934578
2.65532074383 3.6474029431 -8.16716447907
2.65685472462 3.34324441358 -8.40436693745
2.65838870541 3.03798802248 -8.63346207512
2.65992268619 2.73180967066 -8.85436221263
2.66145666698 2.42488440702 -9.06698667966
2.66299064777 2.11738631566 -9.27126185177
2.66452462856 1.80948840558 -9.46712118103
2.66605860935 1.50136250315 -9.65450522055
2.66759259013 1.19317914726 -9.83336164282
2.66912657092 0.885107487362 -10.003645252
2.67066055171 0.57731518438 -10.1653179897
2.6721945325 0.269968314536 -10.3183489351
2.67372851328 -0.0367687238086 -10.4627142986
2.67526249407 -0.342733300296 -10.5983974088
2.67679647486 -0.647764639639 -10.7253886944
2.67833045565 -0.951703905579 -10.8436856589
2.67986443644 -1.25439428171 -10.9532928498
2.68139841722 -1.55568104914 -11.0542218213
2.68293239801 -1.85541166097 -11.1464910913
2.6844663788 -2.15343581357 -11.2301260919
2.68600035959 -2.44960551464 -11.3051591145
2.68753434038 -2.74377514805 -11.3716292481
2.68906832116 -3.0358015355 -11.4295823128
2.69060230195 -3.32554399486 -11.4790707866
2.69213628274 -3.6128643954 -11.5201537266
2.69367026353 -3.89762720973 -11.5528966853
2.69520424432 -4.17969956263 -11.5773716197
2.6967382251 -4.4589512766 -11.5936567967
2.69827220589 -4.73525491437 -11.6018366918
2.69980618668 -5.00848581817 -11.6020018827
2.70134016747 -5.278522146 -11.5942489383
2.70287414825 -5.54524490476 -11.5786803017
2.70440812904 -5.80853798037 -11.5554041688
2.70594210983 -6.06828816494 -11.5245343616
2.70747609062 -6.32438518092 -11.486190197
2.70901007141 -6.57672170239 -11.4404963507
2.71054405219 -6.82519337352 -11.3875827169
2.71207803298 -7.06969882416 -11.327584263
2.71361201377 -7.31013968274 -11.260640881
2.71514599456 -7.54642058647 -11.1868972335
2.71667997535 -7.77844918889 -11.1065025969
2.71821395613 -8.00613616485 -11.0196107005
2.71974793692 -8.22939521305 -10.9263795612
2.72128191771 -8.44814305605 -10.8269713154
2.7228158985 -8.66229943797 -10.7215520478
2.72434987928 -8.87178711986 -10.6102916162
2.72588386007 -9.07653187292 -10.4933634739
2.72741784086 -9.27646246944 -10.3709444889
2.72895182165 -9.47151067175 -10.2432147609
2.73048580244 -9.66161121918 -10.1103574352
2.73201978322 -9.84670181301 -9.97255851501
2.73355376401 -10.0267230997 -9.83000667078
2.7350877448 -10.2016186521 -9.68289304846
2.73662172559 -10.3713349494 -9.53141107543
2.73815570638 -10.535821355 -9.3757562651
2.73968968716 -10.6950300932 -9.21612602009
2.74122366795 -10.8489162243 -9.05271943423
2.74275764874 -10.9974376181 -8.88573709358
2.74429162953 -11.1405549268 -8.7153808767
2.74582561032 -11.2782315557 -8.54185375425
2.7473595911 -11.4104336338 -8.36535958824
2.74889357189 -11.5371299826 -8.18610293111
2.75042755268 -11.6582920843 -8.00428882473
2.75196153347 -11.7738940489 -7.82012259966
2.75349551425 -11.8839125805 -7.63380967477
2.75502949504 -11.9883269434 -7.44555535747
2.75656347583 -12.0871189266 -7.25556464468
2.75809745662 -12.1802728084 -7.06404202487
2.75963143741 -12.2677753204 -6.87119128118
2.76116541819 -12.3496156107 -6.67721529597
2.76269939898 -12.4257852072 -6.48231585692
2.76423337977 -12.4962779803 -6.28669346489
2.76576736056 -12.5610901054 -6.09054714369
2.76730134135 -12.6202200253 -5.89407425207
2.76883532213 -12.6736684125 -5.69747029789
2.77036930292 -12.7214381312 -5.50092875495
2.77190328371 -12.7635342001 -5.30464088239
2.7734372645 -12.7999637539 -5.10879554698
2.77497124529 -12.8307360065 -4.91357904848
2.77650522607 -12.8558622132 -4.71917494815
2.77803920686 -12.8753556335 -4.52576390071
2.77957318765 -12.8892314946 -4.33352348979
2.78110716844 -12.8975069547 -4.14262806711
2.78264114922 -12.9002010666 -3.95324859549
2.78417513001 -12.8973347424 -3.76555249596
2.7857091108 -12.8889307179 -3.57970349897
2.78724309159 -12.8750135181 -3.39586149992
2.78877707238 -12.8556094227 -3.21418241918
2.79031105316 -12.8307464327 -3.03481806671
2.79184503395 -12.800454237 -2.85791601136
2.79337901474 -12.7647641801 -2.68361945511
2.79491299553 -12.7237092306 -2.51206711215
2.79644697632 -12.6773239494 -2.34339309325
2.7979809571 -12.6256444598 -2.17772679515
2.79951493789 -12.5687084178 -2.01519279539
2.80104891868 -12.5065549826 -1.8559107525
2.80258289947 -12.4392247888 -1.69999531174
2.80411688025 -12.3667599186 -1.54755601641
2.80565086104 -12.2892038755 -1.39869722483
2.80718484183 -12.2066015576 -1.25351803315
2.80871882262 -12.118999233 -1.11211220398
2.81025280341 -12.026444515 -0.974568100826
2.81178678419 -11.9289863388 -0.840968628637
2.81332076498 -11.826674938 -0.711391180262
2.81485474577 -11.7195618231 -0.585907589009
2.81638872656 -11.6076997597 -0.464584087302
2.81792270735 -11.4911427479 -0.347481271474
2.81945668813 -11.3699460026 -0.234654072724
2.82099066892 -11.2441659341 -0.126151734261
2.82252464971 -11.1138601298 -0.022017794649
2.8240586305 -10.9790873362 0.0777099226428
2.82559261129 -10.8399074422 0.172999313477
2.82712659207 -10.6963814621 0.263823991084
2.82866057286 -10.5485715201 0.350163277907
2.83019455365 -10.3965408353 0.432002191268
2.83172853444 -10.2403537066 0.509331422896
2.83326251522 -10.080075499 0.582147312334
2.83479649601 -9.9157726297 0.650451814266
2.8363304768 -9.74751255566 0.714252459818
2.83786445759 -9.57536376048 0.77356231188
2.83939843838 -9.39939574257 0.828399914497
2.84093241916 -9.2196790034 0.878789236413
2.84246639995 -9.03628503619 0.924759608819
2.84400038074 -8.84928631494 0.966345657401
2.84553436153 -8.65875628377 1.00358722875
2.84706834232 -8.46476934656 1.03652931125
2.8486023231 -8.26740085682 1.06522195051
2.85013630389 -8.06672710775 1.08972015945
2.85167028468 -7.86282532251 1.1100838232
2.85320426547 -7.65577364461 1.12637759881
2.85473824626 -7.44565112837 1.13867081001
2.85627222704 -7.23253772947 1.14703733708
2.85780620783 -7.01651429555 1.15155550194
2.85934018862 -6.79766255674 1.1523079487
2.86087416941 -6.57606511618 1.14938151963
2.86240815019 -6.35180544046 1.14286712693
2.86394213098 -6.12496784989 1.13285962016
2.86547611177 -5.89563750866 1.11945764981
2.86701009256 -5.6639004148 1.10276352689
2.86854407335 -5.42984338989 1.08288307881
2.87007805413 -5.19355406848 1.05992550182
2.87161203492 -4.9551208873 1.03400320996
2.87314601571 -4.71463307401 1.00523168089
2.8746799965 -4.47218063572 0.973729298687
2.87621397729 -4.22785434696 0.939617193773
2.87774795807 -3.98174573735 0.903019080231
2.87928193886 -3.73394707873 0.864061090629
2.88081591965 -3.48455137181 0.822871608572
2.88234990044 -3.23365233231 0.779581099176
2.88388388123 -2.98134437652 0.73432193764
2.88541786201 -2.72772260633 0.687228236128
2.8869518428 -2.47288279361 0.638435669159
2.88848582359 -2.21692136394 0.588081297692
2.89001980438 -1.95993537977 0.536303392124
2.89155378516 -1.70202252282 0.483241254383
2.89308776595 -1.44328107579 0.429035039348
2.89462174674 -1.18380990341 0.373825575767
2.89615572753 -0.923708432668 0.317754186902
2.89768970832 -0.66307663234 0.260962511098
2.8992236891 -0.402014991722 0.203592322474
2.90075766989 -0.140624498572 0.145785351951
2.90229165068 0.120993383746 0.087683108819
2.90382563147 0.382736739937 0.0294267030344
2.90535961226 0.644503227279 -0.0288433315299
2.90689359304 0.906190100961 -0.0869872126979
2.90842757383 1.16769424027 -0.144866084257
2.90996155462 1.42891217562 -0.202342188687
2.91149553541 1.68974011646 -0.259279038144
2.91302951619 1.95007398004 -0.31554158352
2.91456349698 2.20980942102 -0.370996381377
2.91609747777 2.46884186195 -0.42551175856
2.91763145856 2.72706652465 -0.478957974317
2.91916543935 2.98437846244 -0.531207379736
2.92069942013 3.2406725932 -0.58213457431
2.92223340092 3.49584373333 -0.631616559464
2.92376738171 3.74978663252 -0.679532888869
2.9253013625 4.00239600942 -0.725765815362
2.92683534329 4.25356658813 -0.770200434327
2.92836932407 4.50319313544 -0.812724823348
2.92990330486 4.75117049903 -0.853230178003
2.93143728565 4.99739364633 -0.891610943629
2.93297126644 5.2417577043 -0.927764942919
2.93450524723 5.48415799985 -0.9615934992
2.93603922801 5.72449010115 -0.993001555261
2.9375732088 5.9626498596 -1.02189778759
2.93910718959 6.19853345254 -1.04819471593
2.94064117038 6.43203742669 -1.07180880792
2.94217515116 6.66305874225 -1.09266057889
2.94370913195 6.89149481766 -1.11067468652
2.94524311274 7.11724357501 -1.12578002034
2.94677709353 7.34020348607 -1.13790978603
2.94831107432 7.56027361889 -1.14700158424
2.9498450551 7.77735368499 -1.15299748413
2.95137903589 7.99134408705 -1.1558440912
2.95291301668 8.20214596717 -1.15549260973
2.95444699747 8.40966125555 -1.15189889937
2.95598097826 8.61379271962 -1.14502352611
2.95751495904 8.81444401368 -1.13483180751
2.95904893983 9.01151972883 -1.12129385199
2.96058292062 9.20492544327 -1.10438459235
2.96211690141 9.39456777301 -1.08408381339
2.9636508822 9.58035442277 -1.0603761736
2.96518486298 9.76219423719 -1.03325122088
2.96671884377 9.93999725227 -1.00270340236
2.96825282456 10.113674747 -0.968732068273
2.96978680535 10.283139295 -0.931341469812
2.97132078613 10.4483048167 -0.890540751125
2.97285476692 10.6090866309 -0.846343935336
2.97438874771 10.7654015071 -0.798769904683
2.9759227285 10.9171677175 -0.747842374781
2.97745670929 11.0643050886 -0.693589863053
2.97899069007 11.2067350538 -0.636045651374
2.98052467086 11.3443807046 -0.57524774297
2.98205865165 11.4771668423 -0.511238813648
2.98359263244 11.6050200299 -0.444066157399
2.98512661323 11.7278686429 -0.373781626458
2.98666059401 11.8456429206 -0.300441565901
2.9881945748 11.9582750164 -0.224106742855
2.98972855559 12.0656990485 -0.144842270414
2.99126253638 12.1678511496 -0.0627175263561
2.99279651716 12.2646695164 0.0221939332301
2.99433049795 12.356094459 0.109814465308
2.99586447874 12.4420684488 0.200062436125
2.99739845953 12.522536167 0.292852322205
2.99893244032 12.5974445518 0.38809481595
3.0004664211 12.6667428453 0.485696935757
3.00200040189 12.7303826394 0.585562140483
3.00353438268 12.7883179213 0.687590448125
3.00506836347 12.8405051181 0.791678558581
3.00660234426 12.8869031408 0.897719980328
3.00813632504 12.927473427 1.00560516086
3.00967030583 12.9621799835 1.11522162074
3.01120428662 12.9909894272 1.22645409109
3.01273826741 13.0138710253 1.33918465434
3.0142722482 13.030796735 1.45329288813
3.01580622898 13.0417412415 1.56865601204
3.01734020977 13.0466819953 1.68514903719
3.01887419056 13.0455992483 1.80264491832
3.02040817135 13.0384760886 1.92101470826
3.02194215213 13.0252984746 2.04012771463
3.02347613292 13.0060552673 2.15985165853
3.02501011371 12.9807382617 2.28005283503
3.0265440945 12.9493422169 2.40059627526
3.02807807529 12.9118648846 2.52134591
3.02961205607 12.8683070366 2.6421647344
3.03114603686 12.8186724906 2.76291497379
3.03268001765 12.7629681348 2.88345825028
3.03421399844 12.7012039508 3.00365575005
3.03574797923 12.6333930351 3.12336839094
3.03728196001 12.5595516194 3.24245699045
3.0388159408 12.4796990884 3.36078243355
3.04034992159 12.3938579973 3.4782058405
3.04188390238 12.3020540862 3.59458873418
3.04341788317 12.2043162945 3.70979320689
3.04495186395 12.1006767716 3.82368208634
3.04648584474 11.9911708882 3.93611910068
3.04801982553 11.8758372434 4.0469690424
3.04955380632 11.7547176722 4.15609793076
3.0510877871 11.6278572496 4.26337317279
3.05262176789 11.4953042937 4.36866372243
3.05415574868 11.3571103668 4.47184023778
3.05568972947 11.2133302741 4.57277523624
3.05722371026 11.0640220614 4.67134324729
3.05875769104 10.90924701 4.76742096285
3.06029167183 10.7490696299 4.86088738489
3.06182565262 10.5835576515 4.95162397028
3.06335963341 10.4127820144 5.03951477258
3.0648936142 10.2368168549 5.12444658067
3.06642759498 10.0557394909 5.20630905407
3.06796157577 9.86963040562 5.28499485469
3.06949555656 9.67857322783 5.360399775
3.07102953735 9.48265471135 5.43242286239
3.07256351813 9.28196471159 5.50096653957
3.07409749892 9.07659616027 5.56593672088
3.07563147971 8.86664503794 5.62724292442
3.0771654605 8.65221034431 5.68479837981
3.07869944129 8.43339406645 5.73852013148
3.08023342207 8.21030114477 5.78832913739
3.08176740286 7.98303943686 5.83415036305
3.08330138365 7.75171967907 5.87591287072
3.08483536444 7.51645544596 5.91354990374
3.08636934523 7.2773631075 5.94699896581
3.08790332601 7.03456178406 5.97620189523
3.0894373068 6.7881732992 6.00110493399
3.09097128759 6.53832213028 6.02165879151
3.09250526838 6.2851353568 6.03781870322
3.09403924917 6.02874260659 6.04954448363
3.09557322995 5.76927599979 6.05680057406
3.09710721074 5.5068700906 6.05955608484
3.09864119153 5.24166180689 6.05778483203
3.10017517232 4.97379038763 6.05146536854
3.1017091531 4.70339731812 6.04058100968
3.10324313389 4.4306262631 6.02511985314
3.10477711468 4.15562299772 6.00507479328
3.10631109547 3.8785353364 5.98044352982
3.10784507626 3.59951305957 5.95122857094
3.10937905704 3.31870783832 5.91743723065
3.11091303783 3.03627315706 5.87908162068
3.11244701862 2.75236423405 5.83617863661
3.11398099941 2.46713793999 5.78874993861
3.1155149802 2.18075271464 5.73682192649
3.11704896098 1.89336848144 5.68042570933
3.11858294177 1.60514656024 5.61959706964
3.12011692256 1.31624957817 5.5543764221
3.12165090335 1.0268413786 5.484808767
3.12318488414 0.737086928421 5.41094363837
3.12471886492 0.447152223376 5.33283504688
3.12625284571 0.157204191836 5.25054141767
3.1277868265 -0.1325894032 5.16412552311
3.12932080729 -0.422060063706 5.07365441059
3.13085478807 -0.71103865782 4.97919932544
3.13238876886 -0.999355522567 4.88083562916
3.13392274965 -1.28684056806 4.7786427129
3.13545673044 -1.57332338313 4.67270390649
3.13699071123 -1.85863334232 4.56310638299
3.13852469201 -2.1425997142 4.44994105895
3.1400586728 -2.4250517709 4.33330249055
3.14159265359 -2.70581889885 4.2132887656
3.14312663438 -2.98473071065 4.09000139174
3.14466061517 -3.26161715793 3.96354518082
3.14619459595 -3.53630864531 3.83402812969
3.14772857674 -3.80863614509 3.7015612975
3.14926255753 -4.07843131296 3.56625867972
3.15079653832 -4.34552660434 3.42823707901
3.1523305191 -4.60975539148 3.28761597305
3.15386449989 -4.87095208109 3.1445173796
3.15539848068 -5.12895223256 2.99906571886
3.15693246147 -5.38359267658 2.85138767336
3.15846644226 -5.63471163413 2.70161204555
3.16000042304 -5.88214883568 2.54986961318
3.16153440383 -6.1257456407 2.39629298283
3.16306838462 -6.36534515707 2.24101644154
3.16460236541 -6.60079236065 2.08417580691
3.1661363462 -6.8319342147 1.92590827577
3.16767032698 -7.05861978904 1.76635227158
3.16920430777 -7.280700379 1.60564729085
3.17073828856 -7.49802962401 1.44393374862
3.17227226935 -7.71046362558 1.28135282329
3.17380625014 -7.91786106484 1.11804630102
3.17534023092 -8.12008331929 0.95415641972
3.17687421171 -8.31699457881 0.789825713034
3.1784081925 -8.5084619608 0.625196854311
3.17994217329 -8.69435562426 0.460412500887
3.18147615407 -8.87454888284 0.295615138793
3.18301013486 -9.04891831664 0.130946928099
3.18454411565 -9.21734388273 -0.0334504509387
3.18607809644 -9.37970902426 -0.197435950722
3.18761207723 -9.53590077798 -0.360869307992
3.18914605801 -9.68580988024 -0.523611194152
3.1906800388 -9.82933087118 -0.685523364056
3.19221401959 -9.96636219708 -0.846468803105
3.19374800038 -10.0968063108 -1.00631187246
3.19528198117 -10.22056977 -1.16491845219
3.19681596195 -10.3375633337 -1.3221560823
3.19834994274 -10.4477020558 -1.47789410122
3.19988392353 -10.5509053767 -1.63200378197
3.20141790432 -10.6470972125 -1.78435846544
3.20295188511 -10.7362060416 -1.93483369101
3.20448586589 -10.8181649881 -2.08330732401
3.20601984668 -10.892911903 -2.22965968021
3.20755382747 -10.9603894423 -2.37377364695
3.20908780826 -11.0205451423 -2.51553480086
3.21062178904 -11.0733314913 -2.65483152208
3.21215576983 -11.1187059983 -2.79155510482
3.21368975062 -11.1566312591 -2.9255998641
3.21522373141 -11.187075018 -3.05686323865
3.2167577122 -11.2100102265 -3.18524588972
3.21829169298 -11.2254150985 -3.31065179587
3.21982567377 -11.2332731619 -3.43298834343
3.22135965456 -11.2335733059 -3.55216641281
3.22289363535 -11.2263098254 -3.6681004602
3.22442761614 -11.2114824606 -3.78070859502
3.22596159692 -11.1890964331 -3.8899126526
3.22749557771 -11.1591624778 -3.99563826236
3.2290295585 -11.1216968711 -4.09781491127
3.23056353929 -11.0767214538 -4.19637600249
3.23209752008 -11.024263651 -4.29125890928
3.23363150086 -10.9643564868 -4.382405024
3.23516548165 -10.8970385952 -4.46975980222
3.23669946244 -10.8223542257 -4.55327280189
3.23823344323 -10.7403532456 -4.63289771758
3.23976742401 -10.6510911366 -4.70859240967
3.2413014048 -10.5546289875 -4.78031892859
3.24283538559 -10.4510334819 -4.848043534
3.24436936638 -10.3403768816 -4.91173670901
3.24590334717 -10.2227370046 -4.97137316932
3.24743732795 -10.0981971992 -5.0269318674
3.24897130874 -9.96684631273 -5.07839599161
3.25050528953 -9.82877865549 -5.12575296047
3.25203927032 -9.68409396035 -5.16899441182
3.25357325111 -9.53289733699 -5.20811618721
3.25510723189 -9.37529922161 -5.24311831137
3.25664121268 -9.21141532165 -5.27400496676
3.25817519347 -9.04136655581 -5.30078446351
3.25970917426 -8.86527898907 -5.32346920449
3.26124315504 -8.68328376301 -5.34207564581
3.26277713583 -8.49551702128 -5.35662425268
3.26431111662 -8.30211983027 -5.36713945075
3.26584509741 -8.10323809501 -5.37364957308
3.2673790782 -7.89902247037 -5.37618680263
3.26891305898 -7.68962826751 -5.37478711062
3.27044703977 -7.47521535572 -5.36949019059
3.27198102056 -7.25594805956 -5.36033938849
3.27351500135 -7.03199505158 -5.34738162875
3.27504898214 -6.80352924033 -5.33066733646
3.27658296292 -6.57072765413 -5.31025035588
3.27811694371 -6.33377132024 -5.28618786524
3.2796509245 -6.09284513989 -5.25854028808
3.28118490529 -5.84813775896 -5.22737120119
3.28271888608 -5.59984143455 -5.19274723928
3.28425286686 -5.34815189741 -5.15473799654
3.28578684765 -5.09326821045 -5.1134159252
3.28732082844 -4.83539262333 -5.0688562313
3.28885480923 -4.57473042322 -5.02113676763
3.29038879001 -4.3114897819 -4.97033792424
3.2919227708 -4.04588159927 -4.91654251649
3.29345675159 -3.77811934342 -4.85983567078
3.29499073238 -3.50841888726 -4.80030470826
3.29652471317 -3.23699834202 -4.73803902656
3.29805869395 -2.9640778876 -4.67312997966
3.29959267474 -2.68987959991 -4.60567075622
3.30112665553 -2.41462727544 -4.53575625635
3.30266063632 -2.1385462531 -4.46348296711
3.30419461711 -1.86186323352 -4.38894883684
3.30572859789 -1.58480609588 -4.31225314846
3.30726257868 -1.30760371257 -4.23349639202
3.30879655947 -1.03048576167 -4.1527801365
3.31033054026 -0.753682537587 -4.07020690118
3.31186452105 -0.477424759747 -3.98588002662
3.31339850183 -0.201943379829 -3.89990354549
3.31493248262 0.0725306125507 -3.81238205339
3.31646646341 0.345766385403 -3.72342057982
3.3180004442 0.617533461045 -3.63312445947
3.31953442498 0.887601913713 -3.541599204
3.32106840577 1.15574256793 -3.4489503744
3.32260238656 1.42172719745 -3.35528345423
3.32413636735 1.68532872458 -3.26070372375
3.32567034814 1.94632141974 -3.16531613515
3.32720432892 2.20448110102 -3.0692251891
3.32873830971 2.45958533357 -2.97253481267
3.3302722905 2.71141362866 -2.87534823879
3.33180627129 2.95974764217 -2.77776788742
3.33334025208 3.20437137234 -2.67989524863
3.33487423286 3.44507135662 -2.58183076759
3.33640821365 3.68163686738 -2.48367373169
3.33794219444 3.91386010633 -2.38552215996
3.33947617523 4.14153639737 -2.28747269484
3.34101015601 4.36446437782 -2.18962049646
3.3425441368 4.58244618775 -2.0920591396
3.34407811759 4.79528765715 -1.99488051334
3.34561209838 5.0027984909 -1.89817472359
3.34714607917 5.20479245127 -1.80202999866
3.34868005995 5.40108753772 -1.70653259784
3.35021404074 5.59150616392 -1.61176672319
3.35174802153 5.77587533169 -1.5178144346
3.35328200232 5.95402680172 -1.42475556827
3.35481598311 6.12579726098 -1.33266765862
3.35634996389 6.29102848643 -1.2416258637
3.35788394468 6.44956750506 -1.15170289431
3.35941792547 6.60126674999 -1.06296894675
3.36095190626 6.74598421243 -0.975491639338
3.36248588705 6.8835835894 -0.889335952806
3.36401986783 7.01393442698 -0.804564174496
3.36555384862 7.13691225902 -0.721235846547
3.36708782941 7.25239874097 -0.639407718037
3.3686218102 7.36028177896 -0.559133701152
3.37015579098 7.46045565361 -0.480464831406
3.37168977177 7.55282113882 -0.403449231949
3.37322375256 7.63728561502 -0.328132081977
3.37475773335 7.71376317708 -0.254555589283
3.37629171414 7.78217473647 -0.18275896693
3.37782569492 7.8424481177 -0.112778414096
3.37935967571 7.89451814888 -0.0446471010466
3.3808936565 7.93832674628 0.0216048417242
3.38242763729 7.97382299272 0.0859503302279
3.38396161808 8.00096320981 0.148365329584
3.38549559886 8.01971102383 0.208828852517
3.38702957965 8.03003742511 0.267322953777
3.38856356044 8.03192082105 0.323832720504
3.39009754123 8.0253470824 0.378346258583
3.39163152202 8.01030958293 0.430854675021
3.3931655028 7.98680923236 0.481352056397
3.39469948359 7.95485450241 0.529835443439
3.39623346438 7.91446144607 0.576304801769
3.39776744517 7.86565370987 0.620762988896
3.39930142595 7.80846253922 0.663215717514
3.40083540674 7.74292677673 0.703671515166
3.40236938753 7.66909285351 0.742141680367
3.40390336832 7.58701477335 0.77864023525
3.40543734911 7.49675408992 0.813183874823
3.40697132989 7.39837987677 0.84579191293
3.40850531068 7.29196869031 0.876486224999
3.41003929147 7.17760452566 0.905291187678
3.41157327226 7.05537876549 0.932233615461
3.41310725305 6.92539012167 0.957342694391
3.41464123383 6.78774457005 0.980649912978
3.41617521462 6.6425552781 1.0021889904
3.41770919541 6.48994252566 1.02199580214
3.4192431762 6.33003361877 1.04010830315
3.42077715698 6.16296279666 1.05656644868
3.42231113777 5.98887113185 1.07141211283
3.42384511856 5.80790642369 1.08468900511
3.42537909935 5.62022308507 1.09644258488
3.42691308014 5.42598202271 1.1067199741
3.42844706092 5.22535051085 1.1155698682
3.42998104171 5.01850205869 1.12304244552
3.4315150225 4.80561627144 1.1291892752
3.43304900329 4.58687870526 1.13406322377
3.43458298408 4.36248071616 1.13771836062
3.43611696486 4.13261930297 1.14020986234
3.43765094565 3.89749694448 1.14159391622
3.43918492644 3.657321431 1.141927623
3.44071890723 3.41230569034 1.14126889891
3.44225288802 3.16266760847 1.13967637731
3.4437868688 2.90862984494 1.13720930997
3.44532084959 2.65041964331 1.13392746808
3.44685483038 2.38826863663 1.12989104329
3.44838881117 2.12241264828 1.12516054876
3.44992279195 1.85309148823 1.11979672043
3.45145677274 1.58054874498 1.11386041864
3.45299075353 1.30503157336 1.10741253025
3.45452473432 1.02679047832 1.10051387135
3.45605871511 0.746079094996 1.09322509076
3.45759269589 0.463153965167 1.08560657437
3.45912667668 0.178274310409 1.07771835053
3.46066065747 -0.108298197951 1.06961999656
3.46219463826 -0.396299671794 1.06137054654
3.46372861905 -0.685464241888 1.05302840048
3.46526259983 -0.975524296069 1.04465123505
3.46679658062 -1.26621071969 1.03629591584
3.46833056141 -1.55725313812 1.02801841148
3.4698645422 -1.84838016106 1.01987370954
3.47139852299 -2.13931962845 1.01191573449
3.47293250377 -2.42979885769 1.00419726758
3.47446648456 -2.71954489207 0.996769869094
3.47600046535 -3.00828474993 0.98968380274
3.47753444614 -3.29574567461 0.982987962477
3.47906842692 -3.58165538468 0.976729801803
3.48060240771 -3.8657423244 0.970955265592
3.4821363885 -4.14773591404 0.965708724585
3.48367036929 -4.42736679994 0.961032912592
3.48520435008 -4.70436710387 0.956968866502
3.48673833086 -4.97847067176 0.953555869162
3.48827231165 -5.24941332116 0.950831395195
3.48980629244 -5.51693308759 0.948831059817
3.49134027323 -5.78077046923 0.947588570727
3.49287425402 -6.04066866986 0.947135683101
3.4944082348 -6.29637383978 0.94750215776
3.49594221559 -6.54763531449 0.948715722544
3.49747619638 -6.79420585083 0.950802036942
3.49901017717 -7.03584186048 0.95378466001
3.50054415796 -7.27230364036 0.957685021599
3.50207813874 -7.50335560001 0.962522396935
3.50361211953 -7.72876648541 0.968313884564
3.50514610032 -7.94830959928 0.975074387673
3.50668008111 -8.16176301745 0.982816598808
3.50821406189 -8.36890980119 0.991550987989
3.50974804268 -8.56953820525 1.00128579423
3.51128202347 -8.76344188145 1.01202702046
3.51281600426 -8.95042007748 1.0237784318
3.51434998505 -9.13027783093 1.0365415573
3.51588396583 -9.30282615812 1.05031569492
3.51741794662 -9.46788223775 1.06509791996
3.51895192741 -9.62526958899 1.08088309671
3.5204859082 -9.77481824403 1.09766389345
3.52201988899 -9.91636491473 1.11543080064
3.52355386977 -10.0497531533 1.13417215236
3.52508785056 -10.174833507 1.15387415085
3.52662183135 -10.2914636661 1.17452089421
3.52815581214 -10.3995086059 1.19609440711
3.52968979292 -10.4988407219 1.21857467457
3.53122377371 -10.5893399583 1.24193967855
3.5327577545 -10.6708939294 1.26616543754
3.53429173529 -10.7433980343 1.29122604888
3.53582571608 -10.8067555644 1.31709373379
3.53735969686 -10.860877804 1.34373888511
3.53889367765 -10.9056841224 1.37113011755
3.54042765844 -10.9411020605 1.39923432045
3.54196163923 -10.9670674078 1.42801671294
3.54349562002 -10.9835242738 1.4574409014
3.5450296008 -10.9904251499 1.48746893914
3.54656358159 -10.987730965 1.51806138815
3.54809756238 -10.9754111327 1.54917738297
3.54963154317 -10.9534435904 1.58077469638
3.55116552396 -10.9218148312 1.61280980693
3.55269950474 -10.8805199273 1.64523796821
3.55423348553 -10.8295625459 1.67801327969
3.55576746632 -10.7689549565 1.71108875906
3.55730144711 -10.6987180311 1.74441641594
3.55883542789 -10.6188812357 1.77794732685
3.56036940868 -10.5294826141 1.81163171135
3.56190338947 -10.4305687639 1.84541900924
3.56343737026 -10.3221948043 1.8792579586
3.56497135105 -10.2044243357 1.91309667469
3.56650533183 -10.0773293925 1.94688272952
3.56803931262 -9.94099038686 1.98056323203
3.56957329341 -9.79549604523 2.01408490858
3.5711072742 -9.64094333723 2.04739418396
3.57264125499 -9.47743739669 2.08043726241
3.57417523577 -9.30509143515 2.1131602089
3.57570921656 -9.12402664788 2.14550903026
3.57724319735 -8.93437211245 2.17742975619
3.57877717814 -8.73626468006 2.20886852007
3.58031115893 -8.52984885958 2.2397716393
3.58184513971 -8.31527669451 2.27008569515
3.5833791205 -8.09270763295 2.2997576121
3.58491310129 -7.86230839077 2.3287347363
3.58644708208 -7.62425280793 2.35696491332
3.58798106286 -7.37872169835 2.38439656492
3.58951504365 -7.12590269317 2.4109787647
3.59104902444 -6.86599007791 2.4366613127
3.59258300523 -6.59918462327 2.46139480863
3.59411698602 -6.32569341012 2.48513072386
3.5956509668 -6.04572964862 2.50782147178
3.59718494759 -5.75951249164 2.5294204768
3.59871892838 -5.46726684283 2.54988224148
3.60025290917 -5.16922315934 2.56916241215
3.60178688996 -4.86561724944 2.58721784247
3.60332087074 -4.55669006532 2.60400665524
3.60485485153 -4.24268749114 2.61948830215
3.60638883232 -3.92386012655 2.63362362145
3.60792281311 -3.60046306602 2.64637489347
3.60945679389 -3.27275567403 2.65770589397
3.61099077468 -2.94100135639 2.66758194508
3.61252475547 -2.60546732794 2.67596996407
3.61405873626 -2.26642437685 2.68283850951
3.61559271705 -1.92414662565 2.68815782512
3.61712669783 -1.57891128936 2.69189988101
3.61866067862 -1.23099843084 2.69403841237
3.62019465941 -0.880690713643 2.69454895555
3.6217286402 -0.528273152568 2.69340888152
3.62326262099 -0.174032862208 2.69059742657
3.62479660177 0.181741196327 2.68609572034
3.62633058256 0.538758470256 2.6798868111
3.62786456335 0.896727071283 2.67195568823
3.62939854414 1.25535403285 2.66228930194
3.63093252493 1.61434556821 2.65087658015
3.63246650571 1.97340732916 2.63770844258
3.6340004865 2.33224466502 2.622777812
3.63553446729 2.69056288189 2.6060796227
3.63706844808 3.04806750161 2.58761082603
3.63860242886 3.40446452047 2.56737039327
3.64013640965 3.75946066729 2.54535931557
3.64167039044 4.11276366063 2.52158060115
3.64320437123 4.46408246495 2.49603926976
3.64473835202 4.81312754539 2.46874234433
3.6462723328 5.15961112109 2.43969883991
3.64780631359 5.50324741667 2.40891974998
3.64934029438 5.84375291164 2.37641803001
3.65087427517 6.1808465877 2.34220857852
3.65240825596 6.51425017343 2.30630821541
3.65394223674 6.84368838637 2.26873565793
3.65547621753 7.16888917221 2.22951149406
3.65701019832 7.48958394073 2.1886581535
3.65854417911 7.80550779854 2.14619987627
3.6600781599 8.11639977819 2.10216267909
3.66161214068 8.42200306355 2.05657431937
3.66314612147 8.72206521124 2.00946425716
3.66468010226 9.01633836787 1.96086361489
3.66621408305 9.304579483 1.91080513515
3.66774806383 9.58655051749 1.85932313644
3.66928204462 9.86201864724 1.8064534671
3.67081602541 10.1307564619 1.75223345739
3.6723500062 10.3925421587 1.69670186985
3.67388398699 10.6471597308 1.63989884806
3.67541796777 10.8943991504 1.58186586378
3.67695194856 11.1340565465 1.52264566273
3.67848592935 11.3659343764 1.46228220886
3.68001991014 11.5898415919 1.40082062747
3.68155389093 11.8055937993 1.33830714707
3.68308787171 12.0130134133 1.27478904014
3.6846218525 12.2119298044 1.2103145629
3.68615583329 12.4021794405 1.14493289425
3.68768981408 12.5836060214 1.07869407374
3.68922379486 12.7560606074 1.01164893903
3.69075777565 12.9194017402 0.943849062571
3.69229175644 13.0734955581 0.875346687866
3.69382573723 13.2182159039 0.806194665306
3.69535971802 13.3534444251 0.736446387673
3.6968936988 13.4790706688 0.666155725437
3.69842767959 13.5949921675 0.595376961938
3.69996166038 13.7011145192 0.524164728542
3.70149564117 13.7973514599 0.45257393988
3.70302962196 13.8836249281 0.380659729263
3.70456360274 13.9598651235 0.308477384354
3.70609758353 14.0260105567 0.236082283218
3.70763156432 14.0820080927 0.163529830822
3.70916554511 14.1278129866 0.0908753960795
3.7106995259 14.163388912 0.0181742495402
3.71223350668 14.1887079819 -0.0545184981978
3.71376748747 14.2037507622 -0.127147957262
3.71530146826 14.2085062778 -0.19965951838
3.71683544905 14.2029720117 -0.271998911777
3.71836942983 14.1871538962 -0.344112265007
3.71990341062 14.1610662967 -0.415946159653
3.72143739141 14.1247319894 -0.487447686805
3.7229713722 14.0781821299 -0.558564501255
3.72450535299 14.0214562162 -0.629244874332
3.72603933377 13.9546020435 -0.699437745317
3.72757331456 13.8776756528 -0.76909277136
3.72910729535 13.7907412715 -0.838160375853
3.73064127614 13.693871248 -0.906591795185
3.73217525693 13.5871459787 -0.974339123843
3.73370923771 13.4706538287 -1.04135535778
3.7352432185 13.3444910455 -1.10759443603
3.73677719929 13.2087616665 -1.1730112805
3.73831118008 13.0635774193 -1.23756183392
3.73984516087 12.9090576165 -1.30120309588
3.74137914165 12.7453290434 -1.36389315695
3.74291312244 12.5725258405 -1.42559123088
3.74444710323 12.3907893789 -1.4862576847
3.74598108402 12.2002681304 -1.54585406695
3.7475150648 12.001117532 -1.60434313376
3.74904904559 11.7934998443 -1.66168887297
3.75058302638 11.5775840051 -1.7178565261
3.75211700717 11.3535454763 -1.77281260834
3.75365098796 11.1215660875 -1.82652492636
3.75518496874 10.8818338731 -1.87896259416
3.75671894953 10.6345429052 -1.93009604671
3.75825293032 10.3798931214 -1.97989705165
3.75978691111 10.1180901486 -2.02833871877
3.7613208919 9.84934512192 -2.07539550763
3.76285487268 9.57387449965 -2.12104323293
3.76438885347 9.29189987419 -2.16525906805
3.76592283426 9.00364777906 -2.20802154649
3.76745681505 8.70934949235 -2.24931056136
3.76899079584 8.40924083657 -2.28910736295
3.77052477662 8.10356197534 -2.32739455439
3.77205875741 7.79255720688 -2.36415608542
3.7735927382 7.47647475462 -2.39937724439
3.77512671899 7.15556655513 -2.43304464836
3.77666069977 6.83008804343 -2.46514623158
3.77819468056 6.50029793607 -2.49567123224
3.77972866135 6.166458012 -2.52461017749
3.78126264214 5.82883289155 -2.551954867
3.78279662293 5.48768981363 -2.57769835493
3.78433060371 5.14329841139 -2.60183493036
3.7858645845 4.79593048659 -2.62436009644
3.78739856529 4.44585978273 -2.64527054808
3.78893254608 4.09336175734 -2.66456414838
3.79046652687 3.73871335341 -2.68223990387
3.79200050765 3.38219277037 -2.69829793856
3.79353448844 3.02407923468 -2.71273946693
3.79506846923 2.66465277022 -2.72556676592
3.79660245002 2.30419396881 -2.73678314595
3.7981364308 1.9429837609 -2.74639292111
3.79967041159 1.58130318671 -2.75440137853
3.80120439238 1.21943316803 -2.7608147471
3.80273837317 0.857654280773 -2.76564016548
3.80427235396 0.49624652859 -2.7688856496
3.80580633474 0.135489117647 -2.7705600597
3.80734031553 -0.224339767198 -2.77067306692
3.80887429632 -0.582963184672 -2.7692351196
3.81040827711 -0.940105657605 -2.76625740936
3.8119422579 -1.29549339153 -2.76175183695
3.81347623868 -1.64885449118 -2.75573097811
3.81501021947 -1.99991917472 -2.74820804934
3.81654420026 -2.34841998551 -2.73919687379
3.81807818105 -2.69409200128 -2.72871184726
3.81961216184 -3.03667304054 -2.71676790449
3.82114614262 -3.375903866 -2.70338048567
3.82268012341 -3.71152838494 -2.68856550338
3.8242141042 -4.0432938463 -2.67233930993
3.82574808499 -4.37095103441 -2.65471866525
3.82728206577 -4.69425445913 -2.63572070536
3.82881604656 -5.01296254231 -2.61536291146
3.83035002735 -5.32683780044 -2.59366307978
3.83188400814 -5.63564702327 -2.57063929218
3.83341798893 -5.93916144845 -2.54630988761
3.83495196971 -6.23715693183 -2.52069343447
3.8364859505 -6.52941411347 -2.4938087039
3.83801993129 -6.81571857916 -2.46567464413
3.83955391208 -7.09586101743 -2.43631035586
3.84108789287 -7.36963737177 -2.40573506878
3.84262187365 -7.63684898812 -2.37396811922
3.84415585444 -7.89730275748 -2.34102892902
3.84568983523 -8.15081125349 -2.30693698566
3.84722381602 -8.39719286499 -2.27171182364
3.84875779681 -8.63627192331 -2.23537300721
3.85029177759 -8.86787882449 -2.19794011443
3.85182575838 -9.09185014599 -2.1594327226
3.85335973917 -9.30802875817 -2.11987039511
3.85489371996 -9.51626393019 -2.07927266969
3.85642770074 -9.7164114305 -2.03765904816
3.85796168153 -9.90833362166 -1.99504898751
3.85949566232 -10.0918995496 -1.95146189259
3.86102964311 -10.2669850272 -1.9069171102
3.8625636239 -10.4334727122 -1.86143392465
3.86409760468 -10.5912521792 -1.81503155482
3.86563158547 -10.7402199861 -1.7677291527
3.86716556626 -10.8802797344 -1.71954580341
3.86869954705 -11.0113421245 -1.67050052663
3.87023352784 -11.1333250037 -1.62061227951
3.87176750862 -11.2461534101 -1.56989996103
3.87330148941 -11.3497596091 -1.51838241772
3.8748354702 -11.444083125 -1.4660784508
3.87636945099 -11.5290707664 -1.41300682466
3.87790343177 -11.6046766458 -1.35918627667
3.87943741256 -11.6708621933 -1.30463552829
3.88097139335 -11.7275961647 -1.2493732974
3.88250537414 -11.7748546434 -1.19341831189
3.88403935493 -11.8126210372 -1.13678932439
3.88557333571 -11.8408860684 -1.07950512816
3.8871073165 -11.8596477592 -1.02158457396
3.88864129729 -11.868911411 -0.96304658807
3.89017527808 -11.8686895778 -0.903910191189
3.89170925887 -11.8590020345 -0.844194518252
3.89324323965 -11.8398757396 -0.783918839118
3.89477722044 -11.8113447922 -0.723102580027
3.89631120123 -11.7734503839 -0.661765345774
3.89784518202 -11.7262407452 -0.599926942541
3.89937916281 -11.6697710869 -0.537607401303
3.90091314359 -11.6041035357 -0.474827001747
3.90244712438 -11.5293070656 -0.411606296626
3.90398110517 -11.4454574237 -0.347966136471
3.90551508596 -11.3526370508 -0.283927694589
3.90704906674 -11.2509349981 -0.219512492266
3.90858304753 -11.1404468383 -0.154742424096
3.91011702832 -11.0212745721 -0.089639783353
3.91165100911 -10.8935265307 -0.0242272873281
3.9131849899 -10.7573172734 0.0414718974508
3.91471897068 -10.6127674809 0.107434130203
3.91625295147 -10.4600038444 0.173635271164
3.91778693226 -10.2991589503 0.240050657221
3.91932091305 -10.1303711616 0.306655078007
3.92085489384 -9.95378449454 0.373422752523
3.92238887462 -9.76954849182 0.440327306388
3.92392285541 -9.57781809225 0.507341749793
3.9254568362 -9.37875349664 0.574438456235
3.92699081699 -9.17252003033 0.641589142126
3.92852479778 -8.95928800241 0.708764847351
3.93005877856 -8.73923256176 0.775935916853
3.93159275935 -8.51253355005 0.843071983336
3.93312674014 -8.27937535176 0.910141951145
3.93466072093 -8.03994674149 0.977113981414
3.93619470171 -7.79444072855 1.04395547856
3.9377286825 -7.54305439905 1.11063307816
3.93926266329 -7.28598875562 1.17711263637
3.94079664408 -7.02344855481 1.24335922081
3.94233062487 -6.75564214248 1.30933710314
3.94386460565 -6.48278128711 1.37500975325
3.94539858644 -6.20508101135 1.4403398353
3.94693256723 -5.92275942181 1.50528920539
3.94846654802 -5.63603753733 1.56981891127
3.95000052881 -5.34513911585 1.6338891938
3.95153450959 -5.05029047988 1.69745949052
3.95306849038 -4.75172034104 1.76048844105
3.95460247117 -4.44965962335 1.82293389471
3.95613645196 -4.14434128589 1.88475292009
3.95767043274 -3.83600014456 1.94590181684
3.95920441353 -3.52487269338 2.00633612956
3.96073839432 -3.21119692526 2.06601066385
3.96227237511 -2.89521215252 2.12487950466
3.9638063559 -2.57715882721 2.18289603677
3.96534033668 -2.25727836142 2.24001296756
3.96687431747 -1.93581294767 2.29618235204
3.96840829826 -1.61300537952 2.35135562011
3.96994227905 -1.28909887263 2.40548360614
3.97147625984 -0.964336886209 2.45851658077
3.97301024062 -0.638962945173 2.51040428499
3.97454422141 -0.313220463053 2.56109596648
3.9760782022 0.0126474342387 2.61054041817
3.97761218299 0.338398083595 2.65868601907
3.97914616378 0.663789458781 2.70548077722
3.98068014456 0.988580343232 2.7508723749
3.98221412535 1.31253050147 2.79480821592
3.98374810614 1.63540084902 2.83723547503
3.98528208693 1.9569536207 2.87810114941
3.98681606771 2.27695253721 2.9173521122
3.9883500485 2.5951629698 2.95493516792
3.98988402929 2.91135210311 2.99079710992
3.99141801008 3.22528909578 3.0248847796
3.99295199087 3.53674523906 3.05714512749
3.99448597165 3.845494113 3.08752527605
3.99601995244 4.15131174039 3.1159725841
3.99755393323 4.45397673811 3.14243471289
3.99908791402 4.75327046601 3.16685969366
4.00062189481 5.04897717309 3.18919599664
4.00215587559 5.3408841409 3.20939260137
4.00368985638 5.62878182415 3.22739906835
4.00522383717 5.91246398835 3.24316561174
4.00675781796 6.19172784451 3.25664317325
4.00829179875 6.46637418064 3.26778349692
4.00982577953 6.73620749022 3.27653920481
4.01135976032 7.00103609734 3.28286387344
4.01289374111 7.26067227857 3.28671211086
4.0144277219 7.51493238143 3.28803963435
4.01596170268 7.76363693949 3.28680334841
4.01749568347 8.00661078386 3.28296142326
4.01902966426 8.24368315123 3.27647337334
4.02056364505 8.47468778822 3.26730013601
4.02209762584 8.6994630521 3.25540415023
4.02363160662 8.91785200778 3.24074943496
4.02516558741 9.12970252106 3.22330166736
4.0266995682 9.33486734802 3.20302826059
4.02823354899 9.53320422067 3.17989844097
4.02976752978 9.72457592857 3.1538833246
4.03130151056 9.90885039669 3.12495599306
4.03283549135 10.0859007592 3.09309156827
4.03436947214 10.2556054294 3.05826728627
4.03590345293 10.4178481655 3.02046256979
4.03743743372 10.5725181324 2.9796590995
4.0389714145 10.71950996 2.93584088392
4.04050539529 10.8587237962 2.88899432758
4.04203937608 10.9900653572 2.83910829767
4.04357335687 11.1134459728 2.78617418871
4.04510733765 11.2287826281 2.73018598537
4.04664131844 11.3359980009 2.67114032314
4.04817529923 11.435020495 2.60903654688
4.04970928002 11.5257842699 2.54387676701
4.05124326081 11.6082292653 2.47566591322
4.05277724159 11.682301223 2.40441178573
4.05431122238 11.7479517035 2.33012510378
4.05584520317 11.8051380994 2.2528195514
4.05737918396 11.853823644 2.17251182028
4.05891316475 11.8939774168 2.08922164965
4.06044714553 11.9255743445 2.00297186306
4.06198112632 11.9485951977 1.91378840193
4.06351510711 11.9630265845 1.8217003559
4.0650490879 11.9688609394 1.72673998971
4.06658306868 11.9660965091 1.62894276665
4.06811704947 11.9547373339 1.52834736847
4.06965103026 11.9347932251 1.42499571161
4.07118501105 11.9062797396 1.31893295976
4.07271899184 11.86921815 1.21020753268
4.07425297262 11.8236354109 1.09887111107
4.07578695341 11.7695641226 0.98497863763
4.0773209342 11.7070424896 0.868588314129
4.07885491499 11.6361142775 0.749761594458
4.08038889578 11.5568287647 0.628563173631
4.08192287656 11.4692406918 0.505060972693
4.08345685735 11.3734102071 0.379326119493
4.08499083814 11.2694028091 0.251432925301
4.08652481893 11.1572892854 0.121458857236
4.08805879972 11.0371456489 -0.010515493504
4.0895927805 10.9090530703 -0.144406447624
4.09112676129 10.7730978082 -0.280127277936
4.09266074208 10.6293711357 -0.417588253787
4.09419472287 10.4779692641 -0.556696689691
4.09572870365 10.3189932643 -0.697356998172
4.09726268444 10.1525489847 -0.839470746788
4.09879666523 9.97874696691 -0.982936719319
4.10033064602 9.79770235846 -1.12765098108
4.10186462681 9.60953482331 -1.27350694835
4.10339860759 9.41436844961 -1.4203954618
4.10493258838 9.21233165512 -1.568204864
4.10646656917 9.00355709036 -1.71682108085
4.10800054996 8.78818153943 -1.86612770685
4.10953453075 8.56634581872 -2.01600609427
4.11106851153 8.33819467345 -2.16633544606
4.11260249232 8.10387667227 -2.31699291236
4.11413647311 7.8635440999 -2.46785369075
4.1156704539 7.6173528479 -2.61879112985
4.11720443469 7.36546230368 -2.7696768364
4.11873841547 7.10803523785 -2.9203807857
4.12027239626 6.84523768991 -3.07077143515
4.12180637705 6.5772388525 -3.22071584095
4.12334035784 6.30421095411 -3.37007977776
4.12487433862 6.02632914053 -3.51872786124
4.12640831941 5.74377135499 -3.66652367326
4.1279423002 5.45671821707 -3.81332988981
4.12947628099 5.16535290059 -3.95900841124
4.13101026178 4.86986101045 -4.10342049499
4.13254424256 4.57043045849 -4.24642689034
4.13407822335 4.26725133854 -4.38788797534
4.13561220414 3.96051580074 -4.52766389551
4.13714618493 3.65041792506 -4.66561470435
4.13868016572 3.33715359435 -4.80160050536
4.1402141465 3.02092036679 -4.93548159553
4.14174812729 2.7019173479 -5.06711861
4.14328210808 2.38034506223 -5.19637266787
4.14481608887 2.05640532478 -5.32310551888
4.14635006965 1.73030111215 -5.44717969081
4.14788405044 1.4022364337 -5.56845863747
4.14941803123 1.07241620254 -5.68680688703
4.15095201202 0.741046106691 -5.80209019061
4.15248599281 0.408332480241 -5.91417567085
4.15401997359 0.0744821748097 -6.0229319703
4.15555395438 -0.260297568776 -6.12822939956
4.15708793517 -0.595799248436 -6.22994008477
4.15862191596 -0.931815228369 -6.32793811451
4.16015589675 -1.26813786608 -6.42209968572
4.16168987753 -1.60455963886 -6.51230324861
4.16322385832 -1.94087326957 -6.59842965025
4.16475783911 -2.27687185177 -6.68036227679
4.1662918199 -2.61234897405 -6.75798719397
4.16782580069 -2.94709884345 -6.83119328591
4.16935978147 -3.28091640808 -6.89987239188
4.17089376226 -3.6135974786 -6.96391944085
4.17242774305 -3.9449388488 -7.02323258384
4.17396172384 -4.27473841495 -7.07771332358
4.17549570462 -4.60279529403 -7.12726664166
4.17702968541 -4.92890994072 -7.17180112268
4.1785636662 -5.25288426305 -7.21122907547
4.18009764699 -5.57452173675 -7.24546665106
4.18163162778 -5.89362751813 -7.2744339574
4.18316560856 -6.21000855548 -7.29805517043
4.18469958935 -6.52347369903 -7.31625864165
4.18623357014 -6.83383380922 -7.32897700176
4.18776755093 -7.1409018634 -7.33614726043
4.18930153172 -7.44449306083 -7.33771090191
4.1908355125 -7.74442492591 -7.33361397652
4.19236949329 -8.0405174097 -7.32380718764
4.19390347408 -8.33259298955 -7.3082459743
4.19543745487 -8.62047676687 -7.28689058919
4.19697143566 -8.90399656299 -7.25970617186
4.19850541644 -9.18298301304 -7.22666281713
4.20003939723 -9.45726965787 -7.18773563861
4.20157337802 -9.72669303384 -7.14290482706
4.20310735881 -9.99109276065 -7.0921557038
4.20464133959 -10.2503116269 -7.03547876868
4.20617532038 -10.5041956738 -6.97286974298
4.20770930117 -10.7525942762 -6.90432960675
4.20924328196 -10.9953602218 -6.82986463086
4.21077726275 -11.232349788 -6.74948640341
4.21231124353 -11.4634228165 -6.66321185074
4.21384522432 -11.6884427856 -6.57106325269
4.21537920511 -11.90727688 -6.47306825233
4.2169131859 -12.1197960583 -6.36925985996
4.21844716669 -12.3258751184 -6.2596764514
4.21998114747 -12.5253927602 -6.1443617606
4.22151512826 -12.7182316459 -6.0233648665
4.22304910905 -12.904278458 -5.89674017415
4.22458308984 -13.0834239547 -5.76454739004
4.22611707062 -13.2555630228 -5.62685149183
4.22765105141 -13.4205947283 -5.48372269225
4.2291850322 -13.5784223643 -5.33523639734
4.23071901299 -13.7289534966 -5.18147315911
4.23225299378 -13.8721000064 -5.02251862243
4.23378697456 -14.0077781309 -4.85846346654
4.23532095535 -14.135908501 -4.68940334086
4.23685493614 -14.2564161766 -4.51543879543
4.23838891693 -14.3692306794 -4.33667520597
4.23992289772 -14.4742860229 -4.15322269353
4.2414568785 -14.5715207403 -3.96519603898
4.24299085929 -14.6608779093 -3.7727145923
4.24452484008 -14.7423051744 -3.57590217684
4.24605882087 -14.8157547674 -3.37488698852
4.24759280166 -14.8811835239 -3.16980149029
4.24912678244 -14.9385528987 -2.96078230179
4.25066076323 -14.9878289779 -2.74797008433
4.25219474402 -15.0289824883 -2.53150942144
4.25372872481 -15.0619888047 -2.31154869497
4.25526270559 -15.0868279545 -2.08823995702
4.25679668638 -15.1034846198 -1.86173879769
4.25833066717 -15.1119481368 -1.63220420893
4.25986464796 -15.1122124927 -1.39979844451
4.26139862875 -15.1042763208 -1.16468687644
4.26293260953 -15.0881428919 -0.927037847797
4.26446659032 -15.0638201043 -0.687022522243
4.26600057111 -15.0313204711 -0.444814730435
4.2675345519 -14.9906611043 -0.200590813375
4.26906853269 -14.9418636979 0.0454705370107
4.27060251347 -14.8849545073 0.293188439955
4.27213649426 -14.819964327 0.542379990368
4.27367047505 -14.7469284658 0.792860425634
4.27520445584 -14.6658867199 1.04444329448
4.27673843663 -14.576883343 1.29694062775
4.27827241741 -14.479967015 1.55016311084
4.2798063982 -14.3751908081 1.80392025769
4.28134037899 -14.2626121502 2.058020586
4.28287435978 -14.1422927866 2.31227179365
4.28440834056 -14.0142987398 2.56648093593
4.28594232135 -13.8787002664 2.82045460356
4.28747630214 -13.7355718123 3.07399910114
4.28901028293 -13.5849919659 3.32692062596
4.29054426372 -13.4270434089 3.57902544689
4.2920782445 -13.2618128657 3.83012008317
4.29361222529 -13.0893910497 4.08001148288
4.29514620608 -12.9098726089 4.32850720097
4.29668018687 -12.7233560686 4.57541557649
4.29821416766 -12.529943773 4.82054590905
4.29974814844 -12.3297418239 5.06370863404
4.30128212923 -12.122860019 5.30471549667
4.30281611002 -11.9094117866 5.54337972448
4.30435009081 -11.6895141208 5.77951619818
4.30588407159 -11.4632875123 6.0129416206
4.30741805238 -11.2308558803 6.24347468363
4.30895203317 -10.9923465005 6.4709362329
4.31048601396 -10.7478899328 6.69514943007
4.31201999475 -10.4976199468 6.91593991247
4.31355397553 -10.2416734465 7.13313595007
4.31508795632 -9.9801903924 7.3465685994
4.31662193711 -9.71331372329 7.55607185449
4.3181559179 -9.44118927592 7.76148279449
4.31968989869 -9.16396570361 7.96264172782
4.32122387947 -8.88179439343 8.15939233288
4.32275786026 -8.5948293822 8.35158179497
4.32429184105 -8.30322727114 8.53906093929
4.32582582184 -8.00714713943 8.72168436012
4.32735980263 -7.70675045659 8.89931054568
4.32889378341 -7.40220099374 9.07180199891
4.3304277642 -7.09366473385 9.23902535373
4.33196174499 -6.7813097809 9.40085148694
4.33349572578 -6.46530626818 9.55715562543
4.33502970656 -6.14582626554 9.70781744877
4.33656368735 -5.82304368589 9.85272118694
4.33809766814 -5.49713419076 9.99175571324
4.33963164893 -5.16827509514 10.1248146322
4.34116562972 -4.83664527155 10.2517963624
4.3426996105 -4.50242505343 10.3726042143
4.34423359129 -4.16579613785 10.4871464627
4.34576757208 -3.82694148768 10.5953364143
4.34730155287 -3.48604523313 10.6970924695
4.34883553366 -3.14329257281 10.7923381794
4.35036951444 -2.79886967437 10.8810022966
4.35190349523 -2.45296357465 10.9630188221
4.35343747602 -2.10576207951 11.0383270448
4.35497145681 -1.75745366332 11.1068715774
4.3565054376 -1.40822736817 11.1686023855
4.35803941838 -1.05827270287 11.2234748122
4.35957339917 -0.707779541743 11.2714495967
4.36110737996 -0.356938023312 11.3124928873
4.36264136075 -0.00593844886796 11.3465762499
4.36417534153 0.345028818983 11.37367667
4.36570932232 0.695773457773 11.3937765499
4.36724330311 1.04610528658 11.4068637007
4.3687772839 1.39583436731 11.4129313285
4.37031126469 1.74477110588 11.4119780162
4.37184524547 2.09272635318 11.4040076986
4.37337922626 2.43951150578 11.3890296346
4.37491320705 2.78493860639 11.3670583719
4.37644718784 3.12882044397 11.3381137088
4.37798116863 3.47097065348 11.3022206498
4.37951514941 3.81120381517 11.2594093568
4.3810491302 4.14933555343 11.2097150957
4.38258311099 4.48518263515 11.1531781782
4.38411709178 4.8185630675 11.0898438989
4.38565107257 5.14929619505 11.0197624684
4.38718505335 5.47720279638 10.9429889419
4.38871903414 5.80210517985 10.8595831432
4.39025301493 6.12382727872 10.7696095854
4.39178699572 6.44219474552 10.6731373867
4.3933209765 6.75703504547 10.5702401834
4.39485495729 7.06817754915 10.4609960382
4.39638893808 7.37545362427 10.3454873456
4.39792291887 7.67869672636 10.2238007338
4.39945689966 7.97774248861 10.0960269627
4.40099088044 8.27242881058 9.96226081986
4.40252486123 8.5625959459 9.82260101225
4.40405884202 8.8480865888 9.67715005603
4.40559282281 9.12874595947 9.52601416323
4.4071268036 9.40442188832 9.369303126
4.40866078438 9.67496489888 9.20713019843
4.41019476517 9.94022828947 9.03961197618
4.41172874596 10.2000682136 8.86686827398
4.41326272675 10.4543437589 8.68902200129
4.41479670753 10.7029170248 8.50619903613
4.41633068832 10.9456531986 8.31852809737
4.41786466911 11.1824206303 8.1261406156
4.4193986499 11.4130909057 7.92917060266
4.42093263069 11.6375389181 7.72775452013
4.42246661147 11.8556429383 7.52203114691
4.42400059226 12.0672846832 7.31214144586
4.42553457305 12.2723493825 7.09822843004
4.42706855384 12.4707258436 6.88043702829
4.42860253463 12.6623065156 6.65891395064
4.43013651541 12.8469875506 6.43380755349
4.4316704962 13.0246688632 6.20526770486
4.43320447699 13.1952541895 5.97344564978
4.43473845778 13.3586511423 5.73849387597
4.43627243857 13.5147712662 5.50056598007
4.43780641935 13.6635300897 5.25981653437
4.43934040014 13.8048471757 5.01640095439
4.44087438093 13.93864617 4.77047536733
4.44240836172 14.0648548482 4.52219648158
4.4439423425 14.1834051595 4.27172145735
4.44547632329 14.2942332701 4.0192077787
4.44701030408 14.3972796026 3.76481312698
4.44854428487 14.4924888752 3.50869525576
4.45007826566 14.5798101372 3.2510118676
4.45161224644 14.6591968034 2.99192049249
4.45314622723 14.7306066857 2.73157836834
4.45468020802 14.794002023 2.47014232337
4.45621418881 14.8493495084 2.20776866078
4.4577481696 14.8966203145 1.94461304558
4.45928215038 14.9357901165 1.68083039378
4.46081613117 14.9668391123 1.41657476404
4.46235011196 14.9897520416 1.15199925182
4.46388409275 15.0045182013 0.887255886157
4.46541807354 15.0111314596 0.622495529137
4.46695205432 15.0095902671 0.357867778104
4.46848603511 14.999897666 0.0935208707302
4.4700200159 14.9820612965 -0.170398407029
4.47155399669 14.9560934011 -0.433744810014
4.47308797747 14.9220108264 -0.696374719935
4.47462195826 14.8798350226 -0.958146228375
4.47615593905 14.82959204 -1.21891921669
4.47768991984 14.7713125241 -1.47855543277
4.47922390063 14.7050317071 -1.73691856459
4.48075788141 14.6307893979 -1.9938743106
4.4822918622 14.548629969 -2.24929044682
4.48382584299 14.4586023412 -2.50303689074
4.48535982378 14.3607599656 -2.75498576192
4.48689380457 14.2551608036 -3.00501143928
4.48842778535 14.1418673038 -3.2529906152
4.48996176614 14.0209463767 -3.49880234624
4.49149574693 13.892469367 -3.74232810066
4.49302972772 13.7565120235 -3.98345180261
4.4945637085 13.6131544658 -4.22205987312
4.49609768929 13.4624811493 -4.45804126784
4.49763167008 13.3045808275 -4.69128751156
4.49916565087 13.1395465118 -4.92169272958
4.50069963166 12.9674754283 -5.14915367587
4.50223361244 12.7884689731 -5.37356975824
4.50376759323 12.6026326642 -5.59484306028
4.50530157402 12.4100760918 -5.81287836044
4.50683555481 12.2109128653 -6.02758314801
4.5083695356 12.0052605585 -6.23886763622
4.50990351638 11.793240652 -6.44664477252
4.51143749717 11.5749784735 -6.65083024596
4.51297147796 11.3506031354 -6.85134249191
4.51450545875 11.1202474701 -7.04810269407
4.51603943954 10.8840479631 -7.24103478383
4.51757342032 10.6421446838 -7.43006543718
4.51910740111 10.3946812133 -7.61512406909
4.5206413819 10.1418045709 -7.79614282552
4.52217536269 9.8836651378 -7.97305657315
4.52370934347 9.62041657816 -8.14580288684
4.52524332426 9.35221575876 -8.31432203501
4.52677730505 9.07922266585 -8.47855696293
4.52831128584 8.80160032003 -8.638453274
4.52984526663 8.51951468894 -8.79395920929
4.53137924741 8.2331345979 -8.94502562513
4.5329132282 7.94263163834 -9.09160596913
4.53444720899 7.64818007435 -9.23365625452
4.53598118978 7.34995674702 -9.37113503304
4.53751517057 7.04814097699 -9.5040033664
4.53904915135 6.74291446491 -9.63222479635
4.54058313214 6.43446119012 -9.75576531365
4.54211711293 6.12296730737 -9.87459332584
4.54365109372 5.8086210418 -9.98867962398
4.54518507451 5.49161258213 -10.0979973484
4.54671905529 5.1721339721 -10.2025219539
4.54825303608 4.85037900026 -10.3022311735
4.54978701687 4.52654308814 -10.3971049826
4.55132099766 4.2008231768 -10.4871255614
4.55285497844 3.87341761192 -10.572277258
4.55438895923 3.54452602735 -10.6525465501
4.55592294002 3.21434922731 -10.727922007
4.55745692081 2.88308906718 -10.7983942513
4.5589909016 2.55094833302 -10.8639559206
4.56052488238 2.21813061982 -10.9246016285
4.56205886317 1.88484020863 -10.9803279269
4.56359284396 1.55128194249 -11.0311332669
4.56512682475 1.21766110138 -11.0770179615
4.56666080554 0.884183276126 -11.1179841471
4.56819478632 0.551054241467 -11.1540357464
4.56972876711 0.21847982817 -11.1851784316
4.5712627479 -0.113334205561 -11.2114195872
4.57279672869 -0.444182303409 -11.2327682748
4.57433070947 -0.773859240905 -11.2492351974
4.57586469026 -1.10216025595 -11.2608326647
4.57739867105 -1.4288811798 -11.2675745597
4.57893265184 -1.75381856852 -11.2694763048
4.58046663263 -2.07676983468 -11.2665548307
4.58200061341 -2.3975333794 -11.2588285439
4.5835345942 -2.71590872445 -11.2463172973
4.58506857499 -3.03169664457 -11.2290423602
4.58660255578 -3.34469929968 -11.2070263905
4.58813653657 -3.65472036706 -11.1802934068
4.58967051735 -3.9615651734 -11.1488687627
4.59120449814 -4.26504082649 -11.1127791215
4.59273847893 -4.56495634672 -11.0720524325
4.59427245972 -4.86112279799 -11.0267179079
4.59580644051 -5.15335341826 -10.9768060015
4.59734042129 -5.44146374936 -10.9223483884
4.59887440208 -5.72527176619 -10.8633779457
4.60040838287 -6.0045980051 -10.7999287346
4.60194236366 -6.27926569136 -10.7320359836
4.60347634444 -6.5491008657 -10.6597360732
4.60501032523 -6.81393250975 -10.5830665216
4.60654430602 -7.07359267035 -10.5020659716
4.60807828681 -7.32791658252 -10.4167741785
4.6096122676 -7.57674279121 -10.3272319999
4.61114624838 -7.81991327145 -10.233481386
4.61268022917 -8.05727354707 -10.135565371
4.61421420996 -8.28867280772 -10.0335280663
4.61574819075 -8.5139640242 -9.92741465428
4.61728217154 -8.73300406185 -9.81727138293
4.61881615232 -8.94565379218 -9.70314556227
4.62035013311 -9.15177820231 -9.58508556118
4.6218841139 -9.35124650239 -9.46314080538
4.62341809469 -9.54393223074 -9.33736177634
4.62495207548 -9.72971335678 -9.2078000111
4.62648605626 -9.9084723814 -9.07450810285
4.62802003705 -10.080096435 -8.9375397024
4.62955401784 -10.2444773726 -8.79694952031
4.63108799863 -10.4015118671 -8.65279332976
4.63262197941 -10.5511014984 -8.50512797
4.6341559602 -10.693152841 -8.35401135047
4.63568994099 -10.8275775477 -8.19950245532
4.63722392178 -10.954292431 -8.04166134851
4.63875790257 -11.0732195405 -7.88054917919
4.64029188335 -11.1842862381 -7.71622818755
4.64182586414 -11.2874252687 -7.54876171079
4.64335984493 -11.3825748288 -7.37821418941
4.64489382572 -11.4696786303 -7.20465117362
4.64642780651 -11.5486859621 -7.02813932976
4.64796178729 -11.6195517469 -6.8487464468
4.64949576808 -11.6822365951 -6.6665414427
4.65102974887 -11.7367068541 -6.48159437075
4.65256372966 -11.7829346548 -6.29397642553
4.65409771045 -11.8208979532 -6.10375994879
4.65563169123 -11.8505805686 -5.91101843482
4.65716567202 -11.8719722176 -5.71582653552
4.65869965281 -11.8850685434 -5.51826006494
4.6602336336 -11.8898711421 -5.31839600324
4.66176761438 -11.8863875836 -5.11631250005
4.66330159517 -11.8746314288 -4.9120888772
4.66483557596 -11.8546222426 -4.70580563057
4.66636955675 -11.8263856014 -4.4975444312
4.66790353754 -11.7899530979 -4.28738812547
4.66943751832 -11.7453623397 -4.07542073437
4.67097149911 -11.6926569446 -3.86172745166
4.6725054799 -11.6318865307 -3.64639464105
4.67403946069 -11.5631067017 -3.42950983216
4.67557344148 -11.4863790282 -3.2111617153
4.67710742226 -11.4017710243 -2.99144013499
4.67864140305 -11.3093561184 -2.77043608219
4.68017538384 -11.209213621 -2.5482416851
4.68170936463 -11.101428686 -2.32495019861
4.68324334541 -10.9860922692 -2.10065599219
4.6847773262 -10.8633010799 -1.87545453637
4.68631130699 -10.7331575295 -1.64944238754
4.68784528778 -10.5957696748 -1.42271717125
4.68937926857 -10.4512511558 -1.19537756377
4.69091324935 -10.29972113 -0.967523272058
4.69244723014 -10.1413042012 -0.739255011931
4.69398121093 -9.97613034347 -0.510674484523
4.69551519172 -9.80433482122 -0.281884350962
4.69704917251 -9.62605810369 -0.0529882052335
4.69858315329 -9.4414457754 0.175909454779
4.70011713408 -9.25064844176 0.404703258111
4.70165111487 -9.05382163015 0.633286993388
4.70318509566 -8.85112568651 0.861553643396
4.70471907645 -8.6427256674 1.08939542152
4.70625305723 -8.42879122768 1.31670381011
4.70778703802 -8.20949650379 1.54336960072
4.70932101881 -7.98501999273 1.76928293629
4.7108549996 -7.75554442681 1.99433335519
4.71238898038 -7.5212566442 2.2184098372
4.71392296117 -7.2823474554 2.44140085134
4.71545694196 -7.03901150565 2.66319440566
4.71699092275 -6.79144713346 2.88367809876
4.71852490354 -6.53985622521 3.10273917329
4.72005888432 -6.28444406609 3.32026457121
4.72159286511 -6.02541918724 3.53614099082
4.7231268459 -5.76299320947 3.75025494564
4.72466082669 -5.49738068338 3.96249282496
4.72619480748 -5.22879892625 4.17274095613
4.72772878826 -4.95746785561 4.38088566851
4.72926276905 -4.68360981971 4.58681335908
4.73079674984 -4.40744942499 4.79041055954
4.73233073063 -4.1292133607 4.99156400505
4.73386471142 -3.84913022071 5.19016070442
4.7353986922 -3.56743032277 5.38608801173
4.73693267299 -3.28434552528 5.57923369929
4.73846665378 -3.00010904165 5.76948603202
4.74000063457 -2.71495525259 5.95673384302
4.74153461535 -2.42911951626 6.1408666103
4.74306859614 -2.14283797655 6.32177453476
4.74460257693 -1.8563473696 6.49934861912
4.74613655772 -1.56988482882 6.67348074788
4.74767053851 -1.28368768835 6.84406376822
4.74920451929 -0.997993285345 7.01099157174
4.75073850008 -0.713038761166 7.17415917688
4.75227248087 -0.429060861598 7.33346281219
4.75380646166 -0.146295736338 7.48880000002
4.75534044245 0.135021262115 7.64006964085
4.75687442323 0.414655779969 7.78717209805
4.75840840402 0.692374663897 7.93000928291
4.75994238481 0.967946162838 8.06848474003
4.7614763656 1.24114012968 8.20250373278
4.76301034638 1.51172822263 8.33197332894
4.76454432717 1.7794841061 8.45680248623
4.76607830796 2.04418365091 8.57690213785
4.76761228875 2.30560513365 8.69218527767
4.76914626954 2.56352943494 8.80256704529
4.77068025032 2.81774023654 8.90796481056
4.77221423111 3.06802421698 9.00829825774
4.7737482119 3.31417124556 9.10348946901
4.77528219269 3.55597457466 9.19346300726
4.77681617348 3.7932310299 9.27814599826
4.77835015426 4.0257411983 9.35746821174
4.77988413505 4.25330961394 9.43136214171
4.78141811584 4.47574494119 9.49976308555
4.78295209663 4.6928601551 9.56260922205
4.78448607742 4.90447271895 9.61984168811
4.7860200582 5.11040475872 9.67140465412
4.78755403899 5.31048323416 9.71724539792
4.78908801978 5.50454010656 9.75731437714
4.79062200057 5.69241250274 9.79156529999
4.79215598135 5.87394287536 9.81995519421
4.79368996214 6.04897915911 9.84244447432
4.79522394293 6.21737492285 9.85899700688
4.79675792372 6.37898951737 9.86958017377
4.79829190451 6.53368821868 9.87416493336
4.79982588529 6.68134236661 9.87272587956
4.80135986608 6.82182949868 9.86524129857
4.80289384687 6.95503347888 9.85169322329
4.80442782766 7.08084462149 9.83206748533
4.80596180845 7.19915980944 9.8063537645
4.80749578923 7.30988260745 9.77454563577
4.80902977002 7.41292336947 9.7366406135
4.81056375081 7.50819934053 9.69264019304
4.8120977316 7.59563475273 9.64254988946
4.81363171239 7.67516091527 9.58637927349
4.81516569317 7.74671629848 9.52414200448
4.81669967396 7.81024661162 9.45585586043
4.81823365475 7.86570487438 9.38154276492
4.81976763554 7.91305148203 9.30122881097
4.82130161632 7.95225426404 9.21494428177
4.82283559711 7.98328853615 9.12272366814
4.8243695779 8.00613714569 9.02460568279
4.82590355869 8.02079051024 8.92063327127
4.82743753948 8.02724664937 8.81085361955
4.82897152026 8.02551120951 8.69531815828
4.83050550105 8.01559748191 8.57408256355
4.83203948184 7.99752641343 8.4472067543
4.83357346263 7.97132661043 8.31475488615
4.83510744342 7.93703433542 8.17679534182
4.8366414242 7.8946934966 8.03340071795
4.83817540499 7.84435563023 7.88464780842
4.83970938578 7.78607987577 7.73061758409
4.84124336657 7.71993294382 7.57139516894
4.84277734735 7.64598907679 7.40706981272
4.84431132814 7.56433000241 7.23773485985
4.84584530893 7.47504487993 7.06348771489
4.84737928972 7.3782302392 6.8844298043
4.84891327051 7.27398991248 6.7006665347
4.85044725129 7.1624349591 6.51230724746
4.85198123208 7.04368358307 6.31946516981
4.85351521287 6.91786104349 6.12225736234
4.85504919366 6.78509955801 5.92080466296
4.85658317445 6.64553819926 5.71523162742
4.85811715523 6.49932278439 5.5056664662
4.85965113602 6.3466057578 5.29224097812
4.86118511681 6.18754606702 5.07509048036
4.8627190976 6.02230903201 4.85435373514
4.86425307839 5.85106620781 4.63017287313
4.86578705917 5.67399524077 4.40269331339
4.86732103996 5.49127971831 4.17206368015
4.86885502075 5.30310901255 3.93843571635
4.87038900154 5.1096781177 3.70196419396
4.87192298232 4.91118748149 3.46280682125
4.87345696311 4.70784283073 3.22112414698
4.8749909439 4.49985499109 2.97707946151
4.87652492469 4.2874397014 2.73083869515
4.87805890548 4.07081742241 2.48257031343
4.87959288626 3.85021314038 2.23244520976
4.88112686705 3.62585616548 1.98063659521
4.88266084784 3.39797992541 1.72731988573
4.88419482863 3.16682175408 1.47267258676
4.88572880942 2.93262267593 1.21687417535
4.8872627902 2.69562718576 0.960105979837
4.88879677099 2.4560830244 0.702551057235
4.89033075178 2.21424095047 0.444394068351
4.89186473257 1.97035450834 0.185821150755
4.89339871336 1.72467979251 -0.0729802103109
4.89493269414 1.47747520871 -0.331821312994
4.89646667493 1.22900123184 -0.590512371766
4.89800065572 0.97952016105 -0.848862652131
4.89953463651 0.729295872124 -1.10668060701
4.90106861729 0.478593567473 -1.3637740147
4.90260259808 0.227679523892 -1.61995011831
4.90413657887 -0.0231791616109 -1.87501576654
4.90567055966 -0.273714827718 -2.12877755576
4.90720454045 -0.523659506166 -2.38104197316
4.90873852123 -0.772745180335 -2.63161554109
4.91027250202 -1.02070404481 -2.88030496214
4.91180648281 -1.26726876568 -3.12691726518
4.9133404636 -1.51217274126 -3.37125995208
4.91487444439 -1.75515036311 -3.61314114497
4.91640842517 -1.99593727689 -3.85236973401
4.91794240596 -2.23427064306 -4.08875552555
4.91947638675 -2.46988939688 -4.32210939047
4.92101036754 -2.70253450771 -4.55224341271
4.92254434833 -2.93194923716 -4.77897103775
4.92407832911 -3.15787939593 -5.00210722105
4.9256123099 -3.3800735991 -5.22146857618
4.92714629069 -3.59828351946 -5.43687352267
4.92868027148 -3.81226413888 -5.64814243337
4.93021425226 -4.02177399722 -5.8550977812
4.93174823305 -4.22657543862 -6.05756428526
4.93328221384 -4.42643485502 -6.255369056
4.93481619463 -4.62112292642 -6.44834173962
4.93635017542 -4.81041485793 -6.63631466121
4.9378841562 -4.99409061307 -6.81912296686
4.93941813699 -5.17193514332 -6.99660476441
4.94095211778 -5.34373861352 -7.16860126279
4.94248609857 -5.50929662294 -7.33495690979
4.94402007936 -5.66841042186 -7.4955195283
4.94555406014 -5.82088712325 -7.65014045061
4.94708804093 -5.96653990954 -7.79867465099
4.94862202172 -6.10518823409 -7.94098087618
4.95015600251 -6.23665801721 -8.07692177383
4.95168998329 -6.3607818366 -8.20636401866
4.95322396408 -6.4773991118 -8.32917843637
4.95475794487 -6.58635628268 -8.44524012509
4.95629192566 -6.68750698162 -8.55442857421
4.95782590645 -6.78071219924 -8.6566277807
4.95935988723 -6.86584044353 -8.75172636258
4.96089386802 -6.9427678921 -8.83961766954
4.96242784881 -7.01137853757 -8.92019989067
4.9639618296 -7.07156432569 -8.99337615904
4.96549581039 -7.12322528626 -9.05905465322
4.96702979117 -7.1662696565 -9.1171486955
4.96856377196 -7.20061399697 -9.16757684677
4.97009775275 -7.22618329958 -9.21026299798
4.97163173354 -7.24291108795 -9.24513645812
4.97316571433 -7.2507395096 -9.2721320385
4.97469969511 -7.24961942018 -9.29119013341
4.9762336759 -7.23951045945 -9.30225679701
4.97776765669 -7.22038111904 -9.30528381633
4.97930163748 -7.19220880168 -9.30022878035
4.98083561826 -7.15497987217 -9.2870551451
4.98236959905 -7.10868969967 -9.26573229466
4.98390357984 -7.05334269145 -9.23623559802
4.98543756063 -6.98895231802 -9.19854646173
4.98697154142 -6.91554112951 -9.15265237829
4.9885055222 -6.83314076334 -9.09854697017
4.99003950299 -6.74179194316 -9.03623002951
4.99157348378 -6.64154446898 -8.96570755325
4.99310746457 -6.53245719846 -8.88699177387
4.99464144536 -6.41459801956 -8.80010118557
4.99617542614 -6.28804381418 -8.70506056578
4.99770940693 -6.15288041325 -8.60190099214
4.99924338772 -6.0092025429 -8.4906598547
5.00077736851 -5.85711376202 -8.3713808635
5.0023113493 -5.69672639109 -8.24411405137
5.00384533008 -5.52816143241 -8.10891577193
5.00537931087 -5.35154848176 -7.96584869284
5.00691329166 -5.1670256316 -7.8149817842
5.00844727245 -4.97473936576 -7.65639030217
5.00998125323 -4.77484444588 -7.49015576759
5.01151523402 -4.56750378959 -7.31636593993
5.01304921481 -4.35288834054 -7.13511478623
5.0145831956 -4.13117693038 -6.94650244517
5.01611717639 -3.90255613289 -6.75063518635
5.01765115717 -3.66722011029 -6.54762536459
5.01918513796 -3.42537045184 -6.33759136941
5.02071911875 -3.1772160051 -6.12065756964
5.02225309954 -2.92297269963 -5.89695425318
5.02378708033 -2.66286336365 -5.66661756195
5.02532106111 -2.39711753358 -5.42978942197
5.0268550419 -2.12597125674 -5.18661746872
5.02838902269 -1.8496668874 -4.93725496773
5.02992300348 -1.56845287625 -4.6818607304
5.03145698426 -1.28258355364 -4.42059902519
5.03299096505 -0.992318906687 -4.1536394841
5.03452494584 -0.697924350485 -3.8811570046
5.03605892663 -0.399670493603 -3.60333164697
5.03759290742 -0.097832898139 -3.32034852714
5.0391268882 0.207308165499 -3.03239770504
5.04066086899 0.515467968823 -2.7396740686
5.04219484978 0.826357580291 -2.4423772134
5.04372883057 1.13968412489 -2.14071131804
5.04526281136 1.45515104801 -1.8348850153
5.04679679214 1.77245838341 -1.5251112592
5.04833077293 2.09130302499 -1.21160718795
5.04986475372 2.41137900207 -0.894593983034
5.05139873451 2.73237775806 -0.574296724256
5.0529327153 3.0539884321 -0.250944241108
5.05446669608 3.37589814346 0.0752310396391
5.05600067687 3.69779227852 0.403993249955
5.05753465766 4.01935477991 0.735103240085
5.05906863845 4.34026843763 1.06831874151
5.06060261923 4.66021518188 1.40339453325
5.06213660002 4.97887637731 1.74008261133
5.06367058081 5.2959331183 2.07813236141
5.0652045616 5.61106652527 2.41729073435
5.06673854239 5.92395804139 2.7573024247
5.06827252317 6.23428972968 3.09791005191
5.06980650396 6.54174457013 3.43885434419
5.07134048475 6.84600675648 3.77987432487
5.07287446554 7.14676199252 4.12070750114
5.07440844633 7.44369778756 4.46109005505
5.07594242711 7.7365037507 4.80075703665
5.0774764079 8.02487188388 5.13944255902
5.07901038869 8.3084968731 5.47687999528
5.08054436948 8.58707637781 5.81280217719
5.08207835027 8.86031131805 6.14694159536
5.08361233105 9.12790615913 6.47903060089
5.08514631184 9.38956919356 6.80880160821
5.08668029263 9.64501281993 7.13598729913
5.08821427342 9.89395381854 7.46032082781
5.0897482542 10.1361136235 7.7815360265
5.09128223499 10.3712185912 8.09936761205
5.09281621578 10.5990002641 8.41355139282
5.09435019657 10.8191956313 8.72382447598
5.09588417736 11.0315473835 9.02992547502
5.09741815814 11.235804164 9.33159471722
5.09895213893 11.4317208141 9.62857445105
5.10048611972 11.6190586137 9.92060905323
5.10202010051 11.7975855159 10.2074452353
5.1035540813 11.9670763769 10.4888322498
5.10508806208 12.1273131786 10.764522095
5.10662204287 12.2780852464 11.0342697197
5.10815602366 12.41918946 11.2978332259
5.10969000445 12.5504304579 11.5549740709
5.11122398523 12.671620835 11.8054572674
5.11275796602 12.7825813336 12.0490515824
5.11429194681 12.8831410271 12.285529734
5.1158259276 12.9731374969 12.5146685865
5.11735990839 13.0524170013 12.7362493431
5.11889388917 13.1208346373 12.9500577368
5.12042786996 13.1782544946 13.1558842178
5.12196185075 13.2245498018 13.3535241397
5.12349583154 13.2596030645 13.5427779418
5.12502981233 13.2833061954 13.7234513289
5.12656379311 13.2955606362 13.895355448
5.1280977739 13.2962774711 14.0583070614
5.12963175469 13.2853775324 14.2121287172
5.13116573548 13.2627914962 14.356648915
5.13269971627 13.2284599714 14.4917022689
5.13423369705 13.1823335784 14.6171296659
5.13576767784 13.1243730198 14.7327784212
5.13730165863 13.0545491423 14.8385024279
5.13883563942 12.9728429896 14.9341623036
5.1403696202 12.879245846 15.0196255319
5.14190360099 12.7737592719 15.0947665998
5.14343758178 12.6563951292 15.1594671292
5.14497156257 12.527175599 15.2136160052
5.14650554336 12.3861331891 15.2571094978
5.14803952414 12.2333107328 15.2898513792
5.14957350493 12.0687613795 15.311753036
5.15110748572 11.8925485748 15.3227335755
5.15264146651 11.7047460328 15.3227199265
5.1541754473 11.5054376992 15.3116469351
5.15570942808 11.2947177047 15.2894574539
5.15724340887 11.0726903108 15.2561024256
5.15877738966 10.8394698455 15.2115409615
5.16031137045 10.595180631 15.1557404124
5.16184535124 10.3399569023 15.0886764346
5.16337933202 10.0739427178 15.0103330491
5.16491331281 9.79729186004 14.9207026947
5.1664472936 9.5101677295 14.8197862744
5.16798127439 9.2127432289 14.7075931956
5.16951525517 8.90520063976 14.584141404
5.17104923596 8.58773149063 14.4494574097
5.17258321675 8.26053641734 14.3035763084
5.17411719754 7.92382501529 14.1465417943
5.17565117833 7.57781568395 13.9784061671
5.17718515911 7.22273546374 13.7992303321
5.1787191399 6.85881986542 13.6090837927
5.18025312069 6.48631269202 13.4080446372
5.18178710148 6.10546585372 13.1961995178
5.18332108227 5.71653917556 12.9736436228
5.18485506305 5.31980019841 12.740480642
5.18638904384 4.91552397308 12.4968227253
5.18792302463 4.50399284812 12.2427904337
5.18945700542 4.0854962511 11.9785126842
5.19099098621 3.66033046386 11.7041266868
5.19252496699 3.22879839178 11.4197778756
5.19405894778 2.79120932729 11.1256198318
5.19559292857 2.3478787079 10.8218142008
5.19712690936 1.89912786876 10.508530602
5.19866089014 1.44528379025 10.1859465315
5.20019487093 0.986678840549 9.85424725871
5.20172885172 0.523650513567 9.51362571578
5.20326283251 0.0565411623829 9.1642823802
5.2047968133 -0.41430227154 8.80642515119
5.20633079408 -0.888528533162 8.44026921933
5.20786477487 -1.36578233246 8.06603692976
5.20939875566 -1.84570462654 7.683957639
5.21093273645 -2.32793290512 7.29426756547
5.21246671724 -2.812101479 6.89720963384
5.21400069802 -3.29784177144 6.49303331323
5.21553467881 -3.78478261207 6.08199444947
5.2170686596 -4.27255053317 5.66435509139
5.21860264039 -4.76077006806 5.24038331149
5.22013662117 -5.24906405128 4.81035302077
5.22167060196 -5.73705392046 4.37454377827
5.22320458275 -6.22436001946 3.93324059504
5.22473856354 -6.71060190269 3.48673373296
5.22627254433 -7.1953986402 3.03531849849
5.22780652511 -7.67836912349 2.57929503143
5.2293405059 -8.15913237157 2.1189680889
5.23087448669 -8.63730783717 1.6546468247
5.23240846748 -9.11251571283 1.18664456426
5.23394244827 -9.58437723662 0.715278575202
5.23547642905 -10.0525149971 0.24086983387
5.23701040984 -10.5165532376 -0.236257212085
5.23854439063 -10.9761181592 -0.715774884891
5.24007837142 -11.4308382224 -1.19735252139
5.24161235221 -11.8803444473 -1.68065672111
5.24314633299 -12.3242707117 -2.16535159759
5.24468031378 -12.7622540473 -2.65109903253
5.24621429457 -13.1939349337 -3.13755893288
5.24774827536 -13.6189575892 -3.62438949033
5.24928225614 -14.0369702599 -4.11124744321
5.25081623693 -14.4476255048 -4.59778834057
5.25235021772 -14.850580478 -5.08366680806
5.25388419851 -15.2454972079 -5.56853681562
5.2554181793 -15.632042872 -6.05205194654
5.25695216008 -16.0098900682 -6.53386566783
5.25848614087 -16.3787170819 -7.0136316016
5.26002012166 -16.7382081491 -7.49100379721
5.26155410245 -17.0880537144 -7.96563700398
5.26308808324 -17.427950685 -8.43718694427
5.26462206402 -17.7576026791 -8.90531058656
5.26615604481 -18.0767202695 -9.36966641853
5.2676900256 -18.3850212223 -9.8299147196
5.26922400639 -18.6822307296 -10.285717833
5.27075798718 -18.9680816367 -10.7367404369
5.27229196796 -19.2423146635 -11.1826498146
5.27382594875 -19.50467862 -11.623116123
5.27535992954 -19.7549306157 -12.0578126601
5.27689391033 -19.9928362626 -12.4864161302
5.27842789111 -20.2181698715 -12.9086069075
5.2799618719 -20.4307146422 -13.3240692968
5.28149585269 -20.6302628465 -13.7324917927
5.28302983348 -20.8166160046 -14.1335673348
5.28456381427 -20.9895850543 -14.5269935611
5.28609779505 -21.1489905134 -14.9124730577
5.28763177584 -21.294662634 -15.2897136048
5.28916575663 -21.4264415506 -15.6584284197
5.29069973742 -21.5441774198 -16.0183363955
5.29223371821 -21.6477305526 -16.3691623359
5.29376769899 -21.7369715392 -16.7106371852
5.29530167978 -21.8117813661 -17.0424982552
5.29683566057 -21.8720515248 -17.3644894455
5.29836964136 -21.9176841132 -17.6763614601
5.29990362214 -21.9485919284 -17.9778720188
5.30143760293 -21.9646985519 -18.2687860627
5.30297158372 -21.9659384263 -18.5488759548
5.30450556451 -21.9522569237 -18.8179216747
5.3060395453 -21.9236104064 -19.075711007
5.30757352608 -21.8799662787 -19.3220397241
5.30910750687 -21.8213030304 -19.5567117631
5.31064148766 -21.7476102726 -19.7795393952
5.31217546845 -21.6588887639 -19.9903433894
5.31370944924 -21.5551504294 -20.1889531693
5.31524343002 -21.4364183706 -20.375206963
5.31677741081 -21.3027268666 -20.5489519457
5.3183113916 -21.1541213678 -20.7100443753
5.31984537239 -20.99065848 -20.858349721
5.32137935318 -20.8124059411 -20.9937427842
5.32291333396 -20.6194425885 -21.1161078114
5.32444731475 -20.4118583188 -21.2253386003
5.32598129554 -20.189754039 -21.3213385977
5.32751527633 -19.9532416085 -21.4040209891
5.32904925711 -19.7024437746 -21.4733087812
5.3305832379 -19.4374940975 -21.5291348757
5.33211721869 -19.1585368693 -21.5714421351
5.33365119948 -18.8657270231 -21.6001834403
5.33518518027 -18.5592300352 -21.6153217402
5.33671916105 -18.2392218186 -21.6168300924
5.33825314184 -17.9058886092 -21.6046916962
5.33978712263 -17.5594268432 -21.5788999163
5.34132110342 -17.2000430277 -21.5394582991
5.34285508421 -16.8279536032 -21.4863805798
5.34438906499 -16.4433847985 -21.4196906809
5.34592304578 -16.0465724781 -21.3394227029
5.34745702657 -15.6377619825 -21.2456209056
5.34899100736 -15.2172079606 -21.1383396817
5.35052498815 -14.7851741961 -21.0176435213
5.35205896893 -14.3419334256 -20.8836069681
5.35359294972 -13.8877671507 -20.7363145676
5.35512693051 -13.4229654428 -20.5758608058
5.3566609113 -12.9478267418 -20.4023500408
5.35819489208 -12.4626576477 -20.2158964254
5.35972887287 -11.9677727065 -20.0166238212
5.36126285366 -11.4634941894 -19.8046657052
5.36279683445 -10.9501518662 -19.5801650677
5.36433081524 -10.4280827729 -19.3432743028
5.36586479602 -9.89763097333 -19.0941550898
5.36739877681 -9.35914731568 -18.8329782683
5.3689327576 -8.81298918304 -18.5599237045
5.37046673839 -8.2595202393 -18.27518015
5.37200071918 -7.69911016975 -17.9789450933
5.37353469996 -7.13213441693 -17.671424604
5.37506868075 -6.55897391183 -17.3528331696
5.37660266154 -5.98001480059 -17.0233935252
5.37813664233 -5.39564816698 -16.6833364762
5.37967062311 -4.80626975082 -16.3329007143
5.3812046039 -4.21227966247 -15.9723326269
5.38273858469 -3.61408209371 -15.6018860998
5.38427256548 -3.01208502515 -15.2218223139
5.38580654627 -2.40669993037 -14.8324095356
5.38734052705 -1.79834147699 -14.4339229011
5.38887450784 -1.18742722501 -14.0266441953
5.39040848863 -0.574377322399 -13.610861625
5.39194246942 0.0403858016058 -13.1868695867
5.39347645021 0.656437745428 -12.754968429
5.39501043099 1.27335244603 -12.3154642108
5.39654441178 1.89070249151 -11.8686684541
5.39807839257 2.50805943525 -11.4148978925
5.39961237336 3.12499411126 -10.9544742152
5.40114635415 3.74107695068 -10.4877238077
5.40268033493 4.35587829903 -10.0149774879
5.40421431572 4.96896873409 -9.53657023859
5.40574829651 5.57991938415 -9.05284093747
5.4072822773 6.18830224631 -8.56413208298
5.40881625808 6.79369050483 -8.07078951795
5.41035023887 7.39565884899 -7.57316215048
5.41188421966 7.99378379048 -7.07160167233
5.41341820045 8.58764397995 -6.56646227533
5.41495218124 9.17682052252 -6.05810036589
5.41648616202 9.76089729202 -5.54687427784
5.41802014281 10.3394612438 -5.03314398401
5.4195541236 10.9121027255 -4.51727080664
5.42108810439 11.4784157866 -3.99961712699
5.42262208518 12.0379984846 -3.48054609438
5.42415606596 12.5904531898 -2.96042133483
5.42569004675 13.1353868871 -2.43960665976
5.42722402754 13.6724114746 -1.91846577476
5.42875800833 14.2011440595 -1.39736198889
5.43029198912 14.7212072503 -0.876657924655
5.4318259699 15.2322294458 -0.35671522897
5.43335995069 15.73384512 0.162105714682
5.43489393148 16.225695103 0.679446072606
5.43642791227 16.7074268581 1.19494884552
5.43796189305 17.1786947537 1.70825915122
5.43949587384 17.6391603311 2.21902450502
5.44102985463 18.0884925675 2.72689509769
5.44256383542 18.5263681333 3.23152407075
5.44409781621 18.9524716448 3.73256778876
5.44563179699 19.3664959109 4.22968610842
5.44716577778 19.7681421744 4.72254264431
5.44869975857 20.1571203476 5.21080503091
5.45023373936 20.533149241 5.69414518081
5.45176772015 20.8959567867 6.17223953875
5.45330170093 21.2452802548 6.64476933141
5.45483568172 21.5808664633 7.11142081267
5.45636966251 21.9024719813 7.57188550406
5.4579036433 22.2098633248 8.02586043037
5.45943762408 22.5028171462 8.47304835008
5.46097160487 22.7811204154 8.91315798043
5.46250558566 23.0445705941 9.345904217
5.46403956645 23.2929758027 9.77100834762
5.46557354724 23.5261549786 10.1881982603
5.46710752802 23.7439380275 10.5972086453
5.46864150881 23.946165966 10.9977811908
5.4701754896 24.132691056 11.3896647721
5.47170947039 24.3033769315 11.7726156348
5.47324345118 24.4580987162 12.1463975707
5.47477743196 24.5967431327 12.5107820871
5.47631141275 24.7192086036 12.8655485697
5.47784539354 24.825405343 13.2104844374
5.47937937433 24.9152554399 13.5453852905
5.48091335512 24.9886929318 13.870055052
5.4824473359 25.0456638706 14.1843061007
5.48398131669 25.0861263776 14.4879593972
5.48551529748 25.1100506913 14.7808446024
5.48704927827 25.1174192041 15.0628001878
5.48858325905 25.108226491 15.3336735393
5.49011723984 25.0824793284 15.5933210511
5.49165122063 25.0401967036 15.8416082141
5.49318520142 24.981409815 16.0784096944
5.49471918221 24.9061620623 16.3036094052
5.49625316299 24.8145090284 16.5171005695
5.49778714378 24.7065184501 16.718785776
5.49932112457 24.582270181 16.9085770259
5.50085510536 24.4418561438 17.0863957721
5.50238908615 24.2853802736 17.2521729503
5.50392306693 24.1129584514 17.4058490016
5.50545704772 23.9247184283 17.5473738879
5.50699102851 23.7207997405 17.6767070982
5.5085250093 23.5013536147 17.7938176472
5.51005899009 23.2665428638 17.8986840665
5.51159297087 23.0165417741 17.9912943869
5.51312695166 22.7515359828 18.0716461133
5.51466093245 22.471722346 18.1397461915
5.51619491324 22.1773087987 18.1956109671
5.51772889402 21.8685142045 18.2392661371
5.51926287481 21.5455681974 18.2707466932
5.5207968556 21.2087110142 18.2900968577
5.52233083639 20.8581933187 18.2973700121
5.52386481718 20.4942760167 18.292628618
5.52539879796 20.1172300633 18.2759441306
5.52693277875 19.7273362611 18.2473969054
5.52846675954 19.3248850508 18.2070760968
5.53000074033 18.9101762936 18.1550795513
5.53153472112 18.4835190452 18.0915136921
5.5330687019 18.045231323 18.0164933979
5.53460268269 17.595639865 17.9301418749
5.53613666348 17.1350798817 17.8325905226
5.53767064427 16.6638948003 17.7239787922
5.53920462506 16.1824360025 17.6044540405
5.54073860584 15.6910625551 17.474171376
5.54227258663 15.1901409339 17.3332935004
5.54380656742 14.6800447415 17.1819905439
5.54534054821 14.1611544186 17.0204398948
5.54687452899 13.6338569491 16.8488260241
5.54840850978 13.0985455604 16.6673403048
5.54994249057 12.5556194168 16.4761808258
5.55147647136 12.0054833087 16.2755522017
5.55301045215 11.4485473362 16.0656653774
5.55454443293 10.8852265879 15.8467374281
5.55607841372 10.3159408154 15.6189913561
5.55761239451 9.74111410353 15.3826558821
5.5591463753 9.1611745359 15.1379652335
5.56068035609 8.57655385752 14.8851589294
5.56221433687 7.98768713347 14.6244815611
5.56374831766 7.39501240437 14.35618257
5.56528229845 6.79897033901 14.0805160226
5.56681627924 6.20000388428 13.7977403823
5.56835026002 5.59855791275 13.508118279
5.56988424081 4.99507886808 13.2119162755
5.5714182216 4.3900144088 12.909404633
5.57295220239 3.78381305044 12.6008570731
5.57448618318 3.17692380659 12.2865505395
5.57602016396 2.56979582901 11.9667649573
5.57755414475 1.96287804716 11.6417829911
5.57908812554 1.35661880745 11.3118898019
5.58062210633 0.751465512517 10.9773728036
5.58215608712 0.14786426088 10.6385214185
5.5836900679 -0.453740512856 10.2956268318
5.58522404869 -1.05290639677 9.94898174721
5.58675802948 -1.64919335914 9.59888014081
5.58829201027 -2.24216410443 9.24561701654
5.58982599106 -2.83138442736 8.88948816123
5.59135997184 -3.41642356475 8.53078990049
5.59289395263 -3.99685454495 8.1698188554
5.59442793342 -4.57225453441 7.80687170008
5.59596191421 -5.14220518109 7.44224492062
5.59749589499 -5.70629295456 7.0762345752
5.59902987578 -6.26410948227 6.70913605603
5.60056385657 -6.81525188184 6.34124385286
5.60209783736 -7.35932308906 5.97285131863
5.60363181815 -7.8959321812 5.60425043716
5.60516579893 -8.42469469544 5.23573159331
5.60669977972 -8.94523294212 4.86758334556
5.60823376051 -9.45717631249 4.50009220134
5.6097677413 -9.96016158064 4.13354239527
5.61130172209 -10.4538331995 3.76821567043
5.61283570287 -10.9378435902 3.4043910628
5.61436968366 -11.4118534257 3.04234468921
5.61590366445 -11.875531906 2.68234953866
5.61743764524 -12.3285570282 2.3246752675
5.61897162603 -12.7706158472 1.96958799833
5.62050560681 -13.2014047307 1.61735012298
5.6220395876 -13.6206296049 1.26822010955
5.62357356839 -14.0280061924 0.922452313788
5.62510754918 -14.4232602427 0.580296794796
5.62664152996 -14.8061277529 0.241999135331
5.62817551075 -15.1763551805 -0.0921997332896
5.62970949154 -15.5336996471 -0.422063701496
5.63124347233 -15.8779291323 -0.747361646902
5.63277745312 -16.2088226594 -1.06786759475
5.6343114339 -16.5261704706 -1.38336087328
5.63584541469 -16.8297741926 -1.69362626388
5.63737939548 -17.1194469934 -1.99845414603
5.63891337627 -17.3950137274 -2.29764063677
5.64044735706 -17.6563110715 -2.59098772484
5.64198133784 -17.9031876506 -2.87830339926
5.64351531863 -18.1355041525 -3.15940177227
5.64504929942 -18.3531334325 -3.43410319665
5.64658328021 -18.555960607 -3.70223437739
5.64811726099 -18.7438831363 -3.96362847745
5.64965124178 -18.9168108973 -4.21812521782
5.65118522257 -19.0746662441 -4.46557097168
5.65271920336 -19.2173840582 -4.70581885263
5.65425318415 -19.3449117878 -4.93872879701
5.65578716493 -19.4572094755 -5.16416764026
5.65732114572 -19.5542497751 -5.38200918729
5.65885512651 -19.6360179568 -5.59213427683
5.6603891073 -19.7025119021 -5.79443083979
5.66192308809 -19.7537420863 -5.98879395156
5.66345706887 -19.7897315502 -6.17512587834
5.66499104966 -19.8105158615 -6.35333611741
5.66652503045 -19.816143063 -6.52334143136
5.66805901124 -19.8066736117 -6.68506587637
5.66959299203 -19.7821803057 -6.8384408245
5.67112697281 -19.7427481997 -6.98340497998
5.6726609536 -19.6884745106 -7.11990438959
5.67419493439 -19.6194685114 -7.24789244714
5.67572891518 -19.5358514143 -7.36732989209
5.67726289596 -19.4377562433 -7.47818480231
5.67879687675 -19.325327696 -7.5804325811
5.68033085754 -19.1987219951 -7.67405593848
5.68186483833 -19.0581067294 -7.75904486673
5.68339881912 -18.9036606842 -7.83539661045
5.6849327999 -18.7355736625 -7.90311563091
5.68646678069 -18.5540462951 -7.96221356502
5.68800076148 -18.3592898423 -8.01270917883
5.68953474227 -18.1515259844 -8.0546283157
5.69106872306 -17.9309866048 -8.0880038392
5.69260270384 -17.6979135616 -8.1128755708
5.69413668463 -17.4525584527 -8.12929022247
5.69567066542 -17.1951823698 -8.1373013243
5.69720464621 -16.9260556458 -8.13696914712
5.698738627 -16.6454575926 -8.12836062032
5.70027260778 -16.3536762315 -8.11154924499
5.70180658857 -16.0510080158 -8.08661500231
5.70334056936 -15.7377575453 -8.0536442575
5.70487455015 -15.4142372744 -8.01272965932
5.70640853093 -15.0807672128 -7.96397003522
5.70794251172 -14.737674619 -7.9074702823
5.70947649251 -14.3852936885 -7.84334125415
5.7110104733 -14.023965235 -7.77169964376
5.71254445409 -13.6540363659 -7.69266786248
5.71407843487 -13.275860153 -7.60637391529
5.71561241566 -12.8897952972 -7.51295127243
5.71714639645 -12.4962057889 -7.41253873749
5.71868037724 -12.0954605637 -7.30528031212
5.72021435803 -11.6879331537 -7.19132505755
5.72174833881 -11.2740013355 -7.07082695286
5.7232823196 -10.8540467743 -6.94394475031
5.72481630039 -10.4284546648 -6.81084182779
5.72635028118 -9.99761336994 -6.67168603853
5.72788426196 -9.56191405614 -6.52664955809
5.72941824275 -9.12175032746 -6.37590872904
5.73095222354 -8.67751785754 -6.21964390309
5.73248620433 -8.22961402025 -6.05803928112
5.73402018512 -7.77843751941 -5.89128275108
5.7355541659 -7.32438801785 -5.71956572392
5.73708814669 -6.86786576622 -5.54308296771
5.73862212748 -6.40927123195 -5.36203244003
5.74015610827 -5.94900472858 -5.17661511882
5.74169008906 -5.48746604606 -4.98703483185
5.74322406984 -5.0250540822 -4.7934980848
5.74475805063 -4.56216647569 -4.59621388823
5.74629203142 -4.09919924113 -4.39539358353
5.74782601221 -3.6365464063 -4.19125066793
5.749359993 -3.17459965216 -3.98400061879
5.75089397378 -2.71374795584 -3.77386071719
5.75242795457 -2.25437723706 -3.5610498711
5.75396193536 -1.79687000825 -3.34578843808
5.75549591615 -1.34160502882 -3.12829804776
5.75702989693 -0.888956963829 -2.90880142425
5.75856387772 -0.439296047454 -2.68752220847
5.76009785851 0.00701224842763 -2.46468478066
5.7616318393 0.44960754019 -2.24051408314
5.76316582009 0.888134852642 -2.0152354434
5.76469980087 1.3222449331 -1.78907439775
5.76623378166 1.75159455905 -1.56225651553
5.76776776245 2.17584683908 -1.33500722409
5.76930174324 2.59467150678 -1.10755163459
5.77083572403 3.00774520734 -0.880114368834
5.77236970481 3.41475177652 -0.652919387064
5.7739036856 3.81538251174 -0.426189817072
5.77543766639 4.20933643497 -0.200147784541
5.77697164718 4.59632054731 0.0249857551811
5.77850562797 4.97605007475 0.248991183785
5.78003960875 5.34824870511 0.471650385088
5.78157358954 5.71264881578 0.692746908384
5.78310757033 6.06899169211 0.912066129979
5.78464155112 6.41702773614 1.12939541278
5.7861755319 6.75651666561 1.34452426388
5.78770951269 7.08722770288 1.55724449
5.78924349348 7.40893975376 1.76735035073
5.79077747427 7.72144157589 1.97463870946
5.79231145506 8.02453193666 2.17890918194
5.79384543584 8.3180197604 2.37996428228
5.79537941663 8.60172426487 2.5776095665
5.79691339742 8.87547508661 2.77165377334
5.79844737821 9.13911239546 2.96190896236
5.799981359 9.39248699769 3.14819064925
5.80151533978 9.63546042808 3.33031793828
5.80304932057 9.86790503049 3.50811365167
5.80458330136 10.0897040271 3.68140445613
5.80611728215 10.3007515762 3.85002098607
5.80765126294 10.5009528185 4.01379796387
5.80918524372 10.6902239116 4.17257431672
5.81071922451 10.8684920534 4.32619329032
5.8122532053 11.0356954937 4.47450255911
5.81378718609 11.191783534 4.61735433317
5.81532116687 11.3367165163 4.75460546162
5.81685514766 11.4704657995 4.88611753247
5.81838912845 11.5930137259 5.01175696896
5.81992310924 11.7043535741 5.13139512222
5.82145709003 11.8044895028 5.24490836028
5.82299107081 11.8934364819 5.35217815342
5.8245250516 11.9712202124 5.45309115567
5.82605903239 12.0378770367 5.54753928259
5.82759301318 12.093453836 5.63541978519
5.82912699397 12.1380079183 5.71663532001
5.83066097475 12.1716068954 5.79109401524
5.83219495554 12.1943285489 5.85870953303
5.83372893633 12.2062606866 5.91940112766
5.83526291712 12.2075009881 5.97309369996
5.8367968979 12.1981568409 6.01971784749
5.83833087869 12.1783451663 6.05920991086
5.83986485948 12.1481922363 6.09151201596
5.84139884027 12.1078334806 6.11657211207
5.84293282106 12.0574132845 6.13434400595
5.84446680184 11.9970847788 6.14478739186
5.84600078263 11.9270096197 6.14786787741
5.84753476342 11.8473577616 6.14355700535
5.84906874421 11.7583072211 6.13183227126
5.850602725 11.6600438334 6.11267713707
5.85213670578 11.5527610014 6.08608104054
5.85367068657 11.436659437 6.05203940052
5.85520466736 11.3119468963 6.01055361823
5.85673864815 11.1788379075 5.9616310743
5.85827262894 11.037553493 5.9052851218
5.85980660972 10.8883208853 5.84153507519
5.86134059051 10.7313732373 5.77040619506
5.8628745713 10.5669493276 5.69192966902
5.86440855209 10.3952932604 5.60614258834
5.86594253287 10.2166541614 5.5130879207
5.86747651366 10.031285869 5.41281447885
5.86901049445 9.83944662196 5.30537688537
5.87054447524 9.64139874331 5.19083553336
5.87207845603 9.43740832151 5.0692565433
5.87361243681 9.22774488857 4.94071171595
5.8751464176 9.01268109589 4.80527848139
5.87668039839 8.79249238814 4.66303984425
5.87821437918 8.56745667556 4.51408432508
5.87974835997 8.33785400497 4.35850589802
5.88128234075 8.10396623001 4.19640392468
5.88281632154 7.86607668087 4.02788308442
5.88435030233 7.62446983405 3.85305330087
5.88588428312 7.37943098234 3.67202966498
5.88741826391 7.13124590554 3.48493235445
5.88895224469 6.88020054229 3.29188654967
5.89048622548 6.62658066336 3.09302234625
5.89202020627 6.37067154676 2.88847466409
5.89355418706 6.11275765512 2.67838315324
5.89508816784 5.85312231566 2.4628920963
5.89662214863 5.59204740311 2.24215030778
5.89815612942 5.32981302599 2.0163110302
5.89969011021 5.06669721663 1.78553182711
5.901224091 4.80297562515 1.54997447313
5.90275807178 4.53892121802 1.30980484095
5.90429205257 4.2748039812 1.0651927855
5.90582603336 4.01089062855 0.816312025321
5.90736001415 3.74744431557 0.563340021086
5.90889399494 3.48472435901 0.306457851554
5.91042797572 3.22298596246 0.0458500868697
5.91196195651 2.96247994847 -0.218295340636
5.9134959373 2.70345249732 -0.485787268093
5.91502991809 2.44614489282 -0.756431436089
5.91656389887 2.19079327542 -1.03003062495
5.91809787966 1.93762840287 -1.30638479319
5.91963186045 1.68687541885 -1.58529121811
5.92116584124 1.43875362956 -1.86654463833
5.92269982203 1.19347628881 -2.14993739835
5.92423380281 0.951250391658 -2.43525959486
5.9257677836 0.712276476933 -2.72229922484
5.92730176439 0.476748438777 -3.01084233526
5.92883574518 0.244853347494 -3.30067317442
5.93036972597 0.0167712798556 -3.59157434464
5.93190370675 -0.207324840939 -3.88332695637
5.93343768754 -0.427269395469 -4.17571078356
5.93497166833 -0.642904208319 -4.46850442017
5.93650564912 -0.854078678151 -4.76148543773
5.93803962991 -1.06064989752 -5.05443054385
5.93957361069 -1.26248276228 -5.34711574165
5.94110759148 -1.45945007048 -5.63931648979
5.94264157227 -1.65143261067 -5.93080786331
5.94417555306 -1.83831923949 -6.22136471484
5.94570953384 -2.02000694852 -6.51076183638
5.94724351463 -2.1964009203 -6.79877412126
5.94877749542 -2.36741457351 -7.08517672644
5.95031147621 -2.53296959719 -7.36974523477
5.951845457 -2.69299597417 -7.65225581735
5.95337943778 -2.84743199345 -7.93248539571
5.95491341857 -2.99622425179 -8.21021180372
5.95644739936 -3.13932764433 -8.48521394927
5.95798138015 -3.27670534448 -8.75727197534
5.95951536094 -3.40832877289 -9.0261674206
5.96104934172 -3.53417755581 -9.29168337929
5.96258332251 -3.65423947277 -9.55360466029
5.9641173033 -3.76851039365 -9.8117179453
5.96565128409 -3.87699420541 -10.065811946
5.96718526488 -3.97970272841 -10.31567756
5.96871924566 -4.07665562255 -10.5611080257
5.97025322645 -4.16788028343 -10.8018990755
5.97178720724 -4.25341172847 -11.037849088
5.97332118803 -4.33329247349 -11.2687592381
5.97485516881 -4.40757239958 -11.4944336458
5.9763891496 -4.47630861076 -11.7146795226
5.97792313039 -4.53956528241 -11.9293073173
5.97945711118 -4.59741350082 -12.138130858
5.98099109197 -4.64993109407 -12.3409674933
5.98252507275 -4.69720245439 -12.5376382306
5.98405905354 -4.73931835239 -12.7279678727
5.98559303433 -4.77637574336 -12.911785151
5.98712701512 -4.80847756584 -13.0889228569
5.98866099591 -4.83573253286 -13.2592179704
5.99019497669 -4.8582549161 -13.4225117857
5.99172895748 -4.87616432323 -13.5786500342
5.99326293827 -4.88958546882 -13.7274830044
5.99479691906 -4.89864793903 -13.8688656587
5.99633089984 -4.90348595051 -14.0026577474
5.99786488063 -4.90423810383 -14.1287239192
5.99939886142 -4.90104713167 -14.246933828
6.00093284221 -4.8940596423 -14.3571622371
6.002466823 -4.88342585853 -14.4592891194
6.00400080378 -4.86929935263 -14.5531997539
6.00553478457 -4.85183677746 -14.6387848192
6.00706876536 -4.83119759429 -14.7159404821
6.00860274615 -4.80754379766 -14.7845684836
6.01013672694 -4.78103963756 -14.8445762205
6.01167070772 -4.75185133948 -14.8958768224
6.01320468851 -4.72014682255 -14.9383892262
6.0147386693 -4.68609541632 -14.9720382447
6.01627265009 -4.64986757642 -14.9967546326
6.01780663088 -4.61163459959 -15.012475147
6.01934061166 -4.57156833842 -15.0191426048
6.02087459245 -4.52984091626 -15.0167059348
6.02240857324 -4.48662444264 -15.0051202256
6.02394255403 -4.44209072953 -14.9843467699
6.02547653481 -4.39641100902 -14.9543531032
6.0270105156 -4.34975565263 -14.9151130385
6.02854449639 -4.30229389272 -14.8666066966
6.03007847718 -4.25419354636 -14.8088205315
6.03161245797 -4.20562074208 -14.7417473515
6.03314643875 -4.15673964986 -14.665386335
6.03468041954 -4.10771221468 -14.5797430428
6.03621440033 -4.05869789412 -14.4848294243
6.03774838112 -4.00985340027 -14.3806638203
6.03928236191 -3.96133244632 -14.26727096
6.04081634269 -3.91328549832 -14.1446819541
6.04235032348 -3.86585953222 -14.0129342828
6.04388430427 -3.81919779673 -13.872071779
6.04541828506 -3.77343958229 -13.722144607
6.04695226585 -3.72871999642 -13.5632092363
6.04848624663 -3.68516974575 -13.3953284108
6.05002022742 -3.64291492519 -13.2185711134
6.05155420821 -3.6020768144 -13.0330125255
6.053088189 -3.5627716818 -12.8387339826
6.05462216978 -3.52511059666 -12.6358229243
6.05615615057 -3.48919924918 -12.4243728408
6.05769013136 -3.45513777917 -12.2044832139
6.05922411215 -3.42302061329 -11.9762594541
6.06075809294 -3.39293631126 -11.7398128329
6.06229207372 -3.36496742128 -11.4952604106
6.06382605451 -3.33919034463 -11.2427249602
6.0653600353 -3.31567521005 -10.9823348867
6.06689401609 -3.29448575765 -10.7142241417
6.06842799688 -3.27567923292 -10.4385321345
6.06996197766 -3.25930629067 -10.1554036387
6.07149595845 -3.2454109093 -9.86498869484
6.07302993924 -3.23403031537 -9.56744250891
6.07456392003 -3.22519491869 -9.26292534702
6.07609790082 -3.21892825793 -8.95160242626
6.0776318816 -3.21524695699 -8.63364380173
6.07916586239 -3.21416069204 -8.30922425
6.08069984318 -3.21567216945 -7.97852314887
6.08223382397 -3.21977711449 -7.6417243537
6.08376780475 -3.22646427104 -7.29901607038
6.08530178554 -3.23571541207 -6.95059072491
6.08683576633 -3.24750536119 -6.5966448299
6.08836974712 -3.26180202495 -6.2373788479
6.08990372791 -3.27856643613 -5.87299705181
6.09143770869 -3.2977528078 -5.50370738238
6.09297168948 -3.31930859816 -5.12972130298
6.09450567027 -3.3431745861 -4.75125365171
6.09603965106 -3.36928495739 -4.36852249107
6.09757363185 -3.39756740132 -3.98174895509
6.09910761263 -3.42794321779 -3.59115709435
6.10064159342 -3.46032743466 -3.19697371872
6.10217557421 -3.49462893519 -2.79942823811
6.103709555 -3.53075059548 -2.39875250142
6.10524353578 -3.56858943163 -1.99518063359
6.10677751657 -3.60803675658 -1.58894887108
6.10831149736 -3.64897834629 -1.18029539591
6.10984547815 -3.69129461508 -0.769460168235
6.11137945894 -3.73486079999 -0.356684757793
6.11291343972 -3.77954715378 0.0577878258128
6.11444742051 -3.82521914646 0.473713303722
6.1159814013 -3.87173767488 0.890846299255
6.11751538209 -3.91895928042 1.30894051002
6.11904936288 -3.96673637409 1.72774888053
6.12058334366 -4.01491746912 2.14702377524
6.12211732445 -4.06334742046 2.56651715175
6.12365130524 -4.11186767098 2.98598073424
6.12518528603 -4.16031650407 3.40516618672
6.12671926682 -4.20852930215 3.82382528616
6.1282532476 -4.25633881093 4.24171009536
6.12978722839 -4.3035754089 4.65857313523
6.13132120918 -4.35006738178 5.07416755653
6.13285518997 -4.39564120152 5.48824731091
6.13438917075 -4.44012180939 5.90056732093
6.13592315154 -4.48333290296 6.31088364921
6.13745713233 -4.52509722637 6.71895366629
6.13899111312 -4.56523686354 7.1245362173
6.14052509391 -4.60357353406 7.52739178708
6.14205907469 -4.6399288911 7.92728266384
6.14359305548 -4.67412482109 8.32397310107
6.14512703627 -4.70598374476 8.71722947764
6.14666101706 -4.73532891894 9.10682045589
6.14819499785 -4.76198473894 9.49251713774
6.14972897863 -4.78577704086 9.87409321848
6.15126295942 -4.80653340348 10.2513251383
6.15279694021 -4.82408344944 10.6239922315
6.154330921 -4.83825914493 10.9918768727
6.15586490179 -4.84889509788 11.3547646208
6.15739888257 -4.85582885387 11.7124443602
6.15893286336 -4.85890118953 12.0647084387
6.16046684415 -4.85795640292 12.4113528025
6.16200082494 -4.85284260049 12.7521771287
6.16353480572 -4.84341198022 13.0869849536
6.16506878651 -4.82952111044 13.4155837984
6.1666027673 -4.81103120402 13.7377852914
6.16813674809 -4.78780838743 14.0534052863
6.16967072888 -4.75972396437 14.3622639777
6.17120470966 -4.72665467343 14.664186012
6.17273869045 -4.68848293953 14.9590005951
6.17427267124 -4.64509711865 15.2465415965
6.17580665203 -4.59639173559 15.526647649
6.17734063282 -4.5422677142 15.7991622447
6.1788746136 -4.48263259999 16.0639338269
6.18040859439 -4.4174007745 16.3208158781
6.18194257518 -4.34649366125 16.5696670035
6.18347655597 -4.26983992295 16.8103510107
6.18501053675 -4.18737564952 17.042736985
6.18654451754 -4.09904453677 17.2666993603
6.18807849833 -4.00479805531 17.4821179859
6.18961247912 -3.90459560951 17.6888781889
6.19114645991 -3.79840468615 17.8868708316
6.19268044069 -3.68620099258 18.0759923659
6.19421442148 -3.56796858413 18.2561448816
6.19574840227 -3.4436999804 18.4272361514
6.19728238306 -3.31339627052 18.5891796709
6.19881636385 -3.17706720678 18.7418946943
6.20035034463 -3.03473128684 18.8853062656
6.20188432542 -2.88641582401 19.019345245
6.20341830621 -2.73215700566 19.1439483316
6.204952287 -2.57199993954 19.2590580802
6.20648626779 -2.40599868787 19.3646229156
6.20802024857 -2.23421628911 19.4605971402
6.20955422936 -2.05672476733 19.5469409393
6.21108821015 -1.8736051291 19.6236203801
6.21262219094 -1.68494734774 19.6906074078
6.21415617172 -1.49085033511 19.7478798364
6.21569015251 -1.29142190064 19.7954213354
6.2172241333 -1.08677869779 19.8332214126
6.21875811409 -0.877046157905 19.8612753918
6.22029209488 -0.662358411369 19.8795843875
6.22182607566 -0.442858196286 19.8881552741
6.22336005645 -0.2186967546 19.887000652
6.22489403724 0.00996628420502 19.8761388094
6.22642801803 0.242963031749 19.8555936796
6.22796199882 0.480117481637 19.8253947954
6.2294959796 0.721245662443 19.7855772384
6.23102996039 0.966155802667 19.7361815857
6.23256394118 1.2146485075 19.677253852
6.23409792197 1.46651694719 19.6088454285
6.23563190276 1.72154705693 19.5310130182
6.23716588354 1.97951774786 19.4438185677
6.23869986433 2.24020112917 19.3473291954
6.24023384512 2.50336274095 19.2416171166
6.24176782591 2.7687617975 19.1267595657
6.24330180669 3.03615144097 19.0028387143
6.24483578748 3.30527900491 18.8699415874
6.24636976827 3.57588628744 18.7281599761
6.24790374906 3.84770983388 18.5775903473
6.24943772985 4.12048122826 18.418333751
6.25097171063 4.39392739362 18.2504957248
6.25250569142 4.66777090058 18.0741861962
6.25403967221 4.94173028385 17.8895193818
6.255573653 5.21552036641 17.6966136848
6.25710763379 5.48885259079 17.49559159
6.25864161457 5.76143535715 17.2865795569
6.26017559536 6.03297436782 17.0697079103
6.26170957615 6.30317297766 16.84511073
6.26324355694 6.57173255012 16.6129257375
6.26477753772 6.83835281823 16.3732941821
6.26631151851 7.10273225029 16.1263607248
6.2678454993 7.36456841979 15.872273321
6.26937948009 7.62355837896 15.6111831021
6.27091346088 7.87939903559 15.3432442555
6.27244744166 8.13178753271 15.0686139036
6.27398142245 8.38042163039 14.7874519821
6.27551540324 8.62500008951 14.4999211174
6.27704938403 8.8652230567 14.2061865027
6.27858336482 9.10079245021 13.9064157743
6.2801173456 9.33141234599 13.6007788866
6.28165132639 9.55678936364 13.2894479875
